frame,track_id,class,mph,m_per_s,zone_event
4,1,car,28.7,13.428,
4,2,car,26.4,12.698,
4,5,car,26.7,12.285,
5,1,car,28.2,12.183,
5,2,car,25.5,10.669,
5,3,car,19.3,9.87,
5,5,car,28.0,13.704,
6,1,car,28.3,12.836,
6,2,car,26.1,12.442,
6,3,car,19.6,9.212,
6,5,car,27.6,11.864,
7,1,car,28.4,12.739,
7,2,car,26.1,11.617,
7,3,car,19.5,8.387,
7,5,car,27.6,12.315,
8,1,car,28.5,12.943,
8,2,car,25.7,10.749,
8,3,car,19.6,9.144,
8,4,truck,10.8,9.308,
8,5,car,27.7,12.678,
9,1,car,28.5,12.707,
9,2,car,25.7,11.329,
9,3,car,20.0,9.807,
9,4,truck,10.7,4.714,
9,5,car,27.7,12.28,
10,1,car,28.2,11.455,
10,2,car,25.8,11.334,
10,3,car,20.5,9.105,
10,4,truck,11.7,8.162,
10,5,car,27.9,12.178,
11,1,car,27.9,12.324,
11,2,car,25.2,10.73,
11,3,car,20.6,8.788,
11,4,truck,10.6,0.178,
11,5,car,27.9,12.198,
12,1,car,28.0,12.762,
12,2,car,25.1,10.275,
12,3,car,20.3,9.055,
12,4,truck,9.3,0.173,
12,5,car,27.0,11.0,
13,1,car,27.6,11.341,
13,2,car,24.8,11.563,
13,3,car,20.6,10.018,
13,4,truck,9.2,0.178,
13,5,car,27.2,12.57,
14,1,car,27.5,12.505,
14,2,car,24.3,10.025,
14,3,car,20.8,9.026,
14,4,truck,7.3,0.178,
14,5,car,27.3,12.646,
15,1,car,27.3,12.253,
15,2,car,23.9,9.493,
15,3,car,20.7,9.112,
15,4,truck,4.4,0.173,
15,5,car,27.3,12.445,
16,1,car,26.9,11.645,
16,2,car,23.8,11.137,
16,3,car,20.6,9.418,
16,4,truck,2.9,0.178,
16,5,car,27.2,12.079,
17,1,car,27.2,12.299,
17,2,car,23.8,11.196,
17,3,car,20.7,9.299,
17,4,truck,0.4,0.178,
17,5,car,26.8,11.005,
18,1,car,27.0,11.689,
18,2,car,23.5,10.006,
18,3,car,20.3,7.666,
18,4,truck,0.4,0.172,
18,5,car,26.8,12.273,
19,1,car,26.9,12.331,
19,2,car,23.8,10.952,
19,3,car,20.1,8.326,
19,4,truck,0.4,0.178,
19,5,car,27.4,12.605,
20,1,car,27.1,12.198,
20,2,car,23.7,11.449,
20,3,car,20.2,10.428,
20,4,truck,0.4,0.178,
20,5,car,27.0,11.549,
21,1,car,26.7,11.016,
21,2,car,23.5,9.166,
21,3,car,20.1,8.611,
21,4,truck,0.4,0.172,
21,5,car,26.9,12.368,
22,1,car,26.4,11.55,
22,2,car,23.7,10.242,
22,3,car,19.9,8.41,
22,4,truck,0.4,0.178,
22,5,car,26.5,11.144,
23,1,car,26.2,10.885,
23,2,car,23.6,10.982,
23,3,car,19.8,9.191,
23,4,truck,0.4,0.172,
23,5,car,26.5,11.911,
24,1,car,26.1,12.048,
24,2,car,23.5,10.728,
24,3,car,20.1,10.203,
24,4,truck,0.4,0.178,
24,5,car,26.9,12.457,
25,1,car,25.9,11.176,
25,2,car,23.6,10.445,
25,3,car,20.5,9.062,
25,4,truck,0.4,0.178,
25,5,car,26.9,12.138,
26,1,car,25.8,11.878,
26,2,car,23.4,10.23,
26,3,car,20.5,8.155,
26,5,truck,26.1,10.236,
27,1,car,25.5,11.154,
27,2,car,22.9,9.763,
27,3,car,20.2,9.694,
27,5,car,26.6,12.841,
28,1,car,25.5,11.05,
28,2,car,23.2,10.13,
28,3,car,20.8,10.413,
28,5,car,26.6,12.437,
29,1,car,25.5,11.519,
29,2,car,23.3,10.643,
29,3,car,20.7,7.931,
29,5,truck,26.4,10.718,
30,1,car,25.6,11.365,
30,2,car,23.0,10.093,
30,3,car,20.8,9.495,
30,5,car,26.4,11.709,
31,1,car,25.2,10.739,
31,2,car,22.7,9.584,
31,3,car,20.7,10.097,
31,5,car,26.0,11.196,
31,11,car,13.5,3.912,
32,1,car,25.2,11.041,
32,2,car,22.5,9.892,
32,3,car,21.0,9.862,
32,5,truck,25.8,11.495,
32,11,car,13.1,5.225,
33,1,car,24.5,9.889,
33,2,car,22.4,9.955,
33,3,car,21.2,8.75,
33,5,car,26.6,12.81,
33,11,car,12.9,5.224,
34,1,car,24.6,11.336,
34,2,car,22.0,8.461,
34,3,car,21.5,10.839,
34,5,car,25.9,10.642,
34,11,car,12.2,3.585,
35,1,car,24.6,10.987,
35,2,car,22.1,10.513,
35,3,car,21.4,10.004,
35,5,car,25.9,12.5,
35,11,car,13.1,8.691,
36,1,car,24.3,10.676,
36,2,car,22.0,10.24,
36,3,car,21.8,9.241,
36,5,car,26.1,11.222,
36,11,car,13.7,4.115,
37,1,car,24.0,10.398,
37,2,car,21.8,9.465,
37,3,car,21.7,9.004,
37,5,car,25.8,10.986,
37,11,car,11.0,3.62,
38,1,car,23.9,10.408,
38,2,car,21.6,9.172,
38,3,car,21.8,10.474,
38,5,car,26.0,11.732,
38,11,car,12.1,7.405,
39,1,car,23.4,9.681,
39,2,car,21.9,10.697,
39,3,car,21.3,8.188,
39,5,car,25.8,10.778,
39,11,car,11.5,3.434,
40,1,car,23.4,9.744,
40,2,car,21.6,9.133,
40,3,car,21.5,9.525,
40,5,car,25.3,11.266,
40,11,car,11.4,4.724,
41,1,car,22.9,9.693,
41,2,car,21.9,9.42,
41,3,car,21.8,11.649,
41,5,car,25.5,11.427,
41,11,car,13.2,9.231,
42,1,car,22.5,9.946,
42,2,car,21.6,9.343,
42,3,car,21.6,9.405,
42,5,car,25.3,11.667,
42,11,car,11.0,2.008,
43,1,car,21.9,8.599,
43,2,car,21.2,9.142,
43,3,car,21.2,8.091,
43,5,car,25.3,11.469,
43,11,car,11.9,6.774,
44,1,car,19.9,4.324,
44,2,car,21.2,9.325,
44,3,car,21.8,10.866,
44,5,car,25.3,10.904,
44,11,car,13.1,7.565,
45,1,car,18.5,5.995,
45,2,car,21.0,8.517,
45,3,car,21.6,9.794,
45,5,truck,25.1,11.019,
45,11,car,11.8,3.345,
46,1,car,17.4,6.138,
46,2,car,20.8,10.164,
46,3,car,22.0,9.463,
46,5,car,25.3,11.298,
46,11,car,14.1,10.368,
47,1,car,15.7,4.449,
47,2,car,20.7,8.781,
47,3,car,21.9,9.135,
47,5,car,24.9,10.164,
47,11,car,16.3,11.621,
48,1,car,14.1,4.533,
48,2,car,20.3,8.361,
48,3,car,21.4,10.322,
48,5,car,24.7,10.865,
48,11,car,15.8,7.715,
49,1,car,12.4,4.715,
49,2,car,19.9,8.078,
49,3,car,22.1,11.348,
49,5,car,24.6,11.333,
49,11,car,19.5,13.696,
50,1,car,11.1,4.436,
50,2,car,20.0,9.312,
50,3,car,22.2,8.573,
50,5,car,24.8,12.066,
50,11,car,21.4,12.608,
51,1,car,11.0,4.188,
51,2,car,19.8,8.901,
51,3,car,22.4,11.596,
51,5,car,24.6,10.237,
51,11,car,21.0,6.4,
52,1,car,10.4,4.165,
52,2,car,19.8,8.499,
52,3,car,22.6,10.399,
52,5,car,24.3,9.982,
52,11,car,24.5,14.175,
53,1,car,9.8,4.099,
53,2,car,19.4,8.661,
53,3,car,22.5,9.013,
53,5,car,24.7,12.601,
53,11,car,23.3,6.669,
54,1,car,9.7,4.104,
54,2,car,19.5,9.068,
54,3,car,22.7,9.876,
54,5,car,24.7,10.248,
54,11,truck,22.7,9.707,
55,1,car,9.5,3.9,
55,2,car,19.5,8.378,
55,3,car,23.3,12.04,
55,5,truck,24.0,8.491,
55,11,car,23.7,11.006,
56,1,car,9.1,3.467,
56,2,car,19.2,7.26,
56,3,car,22.7,9.42,
56,5,car,24.2,12.099,
56,11,car,22.4,9.458,
57,1,car,8.8,3.526,
57,2,car,19.0,8.634,
57,3,car,22.8,8.938,
57,5,car,23.7,10.384,
57,11,car,22.5,12.896,
58,1,car,8.6,3.767,
58,2,car,18.8,8.243,
58,3,car,22.8,11.642,
58,5,car,23.7,10.395,
58,11,car,24.1,11.504,
59,1,car,8.4,3.475,
59,2,car,18.6,8.101,
59,3,car,22.7,10.098,
59,5,car,24.2,11.518,
59,11,car,23.8,13.119,
60,1,car,8.2,3.552,
60,2,car,18.5,8.111,
60,3,car,23.0,9.892,
60,5,car,23.1,9.269,
60,11,car,24.6,9.343,
61,1,car,8.1,3.577,
61,2,car,17.9,7.414,
61,3,car,23.3,10.756,
61,5,car,22.4,7.96,
61,11,car,25.8,13.249,
62,1,car,8.0,3.621,
62,2,car,17.9,8.175,
62,3,car,23.0,11.382,
62,5,car,22.9,9.953,
62,11,car,25.9,11.539,
63,1,car,8.3,4.589,
63,2,car,18.3,8.722,
63,3,car,23.3,10.133,
63,5,car,22.3,10.439,
63,11,car,26.5,11.324,
64,1,car,8.7,4.589,
64,2,car,18.0,7.615,
64,3,car,24.5,12.694,
64,5,car,22.0,9.456,
64,11,car,25.8,10.81,
65,1,car,8.9,4.454,
65,2,car,17.7,7.275,
65,3,car,23.7,9.262,
65,5,car,21.7,9.161,
65,11,car,26.1,12.358,
66,1,car,9.3,4.589,
66,2,car,17.5,7.49,
66,3,car,21.7,3.737,
66,5,car,21.3,10.418,
66,11,car,25.9,12.403,
67,1,car,9.5,4.454,
67,2,car,17.4,7.853,
67,3,car,20.7,6.9,
67,5,car,21.3,9.224,
67,11,car,25.9,9.393,
68,1,car,9.9,4.589,
68,2,car,17.9,8.914,
68,3,car,19.5,6.893,
68,5,car,22.0,10.23,
68,11,car,25.7,12.462,
69,1,car,10.2,4.589,
69,2,car,17.7,7.378,
69,3,car,17.4,4.749,
69,5,car,22.2,10.51,
69,11,car,26.1,13.044,
70,1,car,10.1,4.454,
70,2,car,17.2,7.399,
70,3,car,15.5,4.209,
70,5,car,21.6,8.541,
70,11,car,24.9,7.374,
71,1,car,10.1,4.589,
71,2,car,17.5,8.432,
71,3,car,13.5,6.434,
71,5,car,21.9,10.305,
71,11,car,24.4,9.3,
72,1,car,10.2,4.589,
72,2,car,17.5,7.431,
72,3,car,12.2,5.119,
72,5,car,22.2,10.13,
72,11,car,24.4,12.401,
73,1,car,10.1,4.454,
73,2,car,17.5,7.205,
73,3,car,12.3,4.342,
73,5,car,21.7,8.929,
73,11,car,24.4,12.259,
74,1,car,10.2,4.589,
74,2,car,17.4,7.607,
74,3,car,12.1,6.107,
74,5,car,21.9,9.87,
74,11,car,25.1,11.634,
75,1,car,10.2,4.589,
75,2,car,17.0,7.852,
75,3,car,11.5,5.169,
75,5,car,21.7,9.536,
75,11,car,24.9,11.892,
76,1,car,10.1,4.454,
76,2,car,17.1,7.68,
76,3,car,11.6,4.838,
76,5,car,21.4,9.686,
76,11,car,23.5,8.545,
77,1,car,10.2,4.589,
77,2,car,16.9,6.585,
77,3,car,12.0,5.417,
77,5,car,21.2,8.038,
77,11,car,24.6,11.03,
78,2,car,16.4,6.89,
78,3,car,11.5,4.975,
78,5,car,21.0,9.394,
78,11,car,26.1,13.837,
79,2,car,16.6,8.073,
79,3,car,11.3,4.483,
79,5,car,20.9,9.861,
79,11,truck,25.4,10.352,
80,2,car,16.7,7.608,
80,3,car,11.5,4.892,
80,5,car,20.9,8.911,
80,11,car,26.2,14.821,
81,2,car,16.7,7.665,
81,3,car,11.4,5.982,
81,5,car,20.6,9.094,
81,11,car,26.1,11.332,
82,2,car,16.3,6.58,
82,3,car,11.7,5.989,
82,5,car,20.5,9.205,
82,11,car,25.0,8.279,
83,2,car,15.9,6.5,
83,3,car,12.1,5.989,
83,5,car,20.3,8.942,
83,11,car,26.2,12.184,
84,2,car,16.1,6.97,
84,3,car,12.2,5.813,
84,5,car,20.7,9.258,
84,11,car,26.6,12.303,
85,2,car,16.3,7.538,
85,3,car,12.5,5.989,
85,5,car,20.8,9.711,
85,11,car,24.9,8.506,
86,2,car,16.3,8.12,
86,3,car,13.0,5.989,
86,5,car,20.6,9.324,
86,11,car,26.0,13.861,
87,2,car,15.8,6.119,
87,3,car,13.3,5.813,
87,5,car,20.3,7.872,
87,11,car,25.1,12.136,
88,2,car,15.3,6.161,
88,3,car,13.3,5.989,
88,5,car,19.8,7.689,
88,11,car,24.2,8.378,
89,2,car,15.3,6.596,
89,3,car,13.2,5.813,
89,5,truck,19.7,8.93,
89,11,car,25.7,12.959,
90,2,car,15.7,7.494,
90,3,car,13.2,5.989,
90,5,car,19.6,8.598,
90,11,car,25.5,11.504,
91,2,car,15.7,7.06,
91,3,car,13.3,5.989,
91,5,car,19.3,8.324,
91,11,car,24.3,8.766,
92,2,car,15.2,6.165,
92,3,car,13.2,5.813,
92,5,car,18.6,7.341,
92,11,car,25.5,12.285,
93,2,car,14.7,6.264,
93,3,car,13.2,5.989,
93,5,car,18.4,8.92,
93,11,car,24.5,10.75,
94,2,car,14.7,6.23,
94,3,car,13.3,5.989,
94,5,car,18.6,8.324,
94,11,car,23.5,8.974,
95,2,car,15.0,7.226,
95,3,car,13.2,5.813,
95,5,car,18.8,8.239,
95,11,car,25.0,13.025,
96,2,car,15.1,6.851,
96,3,car,13.3,5.989,
96,5,car,18.9,9.343,
96,11,car,24.3,10.866,
96,14,car,8.6,3.918,
97,2,car,14.7,6.069,
97,5,car,19.0,8.899,
97,11,car,23.8,9.66,
97,14,car,8.2,2.423,
98,2,car,14.3,5.822,
98,5,car,18.8,7.609,
98,11,car,25.0,12.8,
98,14,car,8.9,2.922,
99,2,car,14.4,6.738,
99,5,car,19.1,8.382,
99,11,car,24.1,9.451,
99,14,car,10.7,7.583,
100,2,car,14.5,6.427,
100,5,car,18.6,7.512,
100,11,car,24.1,10.504,
100,14,car,10.7,3.088,
101,2,car,14.5,6.154,
101,5,car,18.7,8.666,
101,11,car,25.7,14.241,
101,14,car,10.7,4.103,
102,2,car,14.2,6.532,
102,5,car,19.1,9.34,
102,11,car,25.1,11.111,
102,14,car,9.6,5.901,
103,2,car,14.0,5.918,
103,5,car,18.7,8.159,
103,11,car,24.8,9.946,
103,14,car,10.5,6.991,
104,2,car,14.0,6.094,
104,5,car,18.3,7.593,
104,11,car,25.2,10.837,
104,14,car,10.7,2.889,
105,2,car,14.3,6.86,
105,5,car,18.4,7.816,
105,11,car,24.8,11.636,
105,14,car,10.9,3.666,
106,2,car,14.5,7.319,
106,5,car,17.7,6.436,
106,11,car,25.0,9.817,
106,14,car,10.8,7.039,
107,2,car,14.1,5.143,
107,5,car,17.7,7.282,
107,11,car,25.2,11.186,
107,14,car,11.3,4.719,
108,2,car,13.8,5.417,
108,5,car,17.8,8.959,
108,11,car,24.1,10.887,
108,14,car,11.4,4.322,
109,2,car,13.5,5.491,
109,5,car,17.6,8.705,
109,11,car,23.7,9.801,
109,14,car,12.3,8.976,
110,2,car,13.9,7.053,
110,5,car,17.9,9.277,
110,11,car,24.5,12.488,
110,14,car,11.3,3.871,
111,2,car,14.0,6.493,
111,5,car,17.6,6.45,
111,11,car,24.3,10.173,
111,14,truck,10.9,1.52,
112,2,car,13.9,6.554,
112,5,car,17.2,6.765,
112,11,car,23.5,9.184,
112,14,car,17.0,22.773,
113,2,car,13.3,5.612,
113,5,car,17.8,8.401,
113,11,car,23.5,9.797,
113,14,truck,15.9,3.709,
114,2,car,13.3,5.074,
114,5,car,18.0,7.672,
114,11,car,23.8,12.106,
114,14,car,18.7,13.386,
115,2,car,13.5,5.975,
115,5,car,17.3,6.798,
115,11,car,23.6,10.271,
115,14,car,23.1,18.16,
116,2,car,13.8,6.565,
116,5,car,16.7,6.911,
116,11,car,23.9,10.62,
116,14,car,25.4,16.002,
117,2,car,13.5,5.979,
117,5,car,15.8,6.381,
117,11,car,23.5,11.462,
117,14,car,25.6,4.621,
118,2,car,13.3,5.746,
118,5,car,16.4,8.459,
118,11,car,23.3,9.342,
118,14,truck,27.8,8.245,
119,2,car,13.0,5.621,
119,5,car,17.0,8.518,
119,11,car,23.3,9.23,
119,14,truck,20.8,0.844,
120,2,car,12.9,5.414,
120,5,car,16.8,7.805,
120,11,car,23.7,11.202,
120,14,truck,23.5,12.306,
121,2,car,13.3,6.368,
121,5,car,16.6,7.013,
121,11,car,23.4,11.107,
121,14,car,23.8,14.39,
121,15,car,10.7,4.285,
122,2,car,13.4,6.235,
122,5,car,16.7,7.154,
122,11,car,23.4,10.369,
122,14,car,24.2,19.332,
122,15,car,10.2,3.483,
123,2,car,12.9,5.153,
123,5,car,16.5,6.307,
123,11,car,23.6,11.128,
123,14,truck,19.2,0.383,
123,15,car,10.4,5.332,
124,2,car,12.8,5.477,
124,5,car,16.6,6.553,
124,11,car,23.2,10.12,
124,14,car,19.5,5.552,
124,15,car,11.2,6.724,
125,2,car,12.8,5.703,
125,5,car,16.0,6.649,
125,11,car,23.2,9.325,
125,14,car,19.5,8.206,
125,15,car,11.2,4.593,
126,2,car,12.9,5.867,
126,5,car,16.0,8.619,
126,11,car,23.5,10.134,
126,14,car,22.2,9.14,
126,15,car,10.9,4.216,
127,2,car,13.2,6.363,
127,5,car,15.9,7.558,
127,11,car,23.5,11.351,
127,14,car,22.5,13.382,
127,15,car,10.7,4.999,
128,2,car,12.9,5.601,
128,5,car,15.9,6.865,
128,11,car,22.8,8.805,
128,14,car,20.3,7.441,
128,15,car,10.8,4.295,
129,2,car,12.6,5.37,
129,5,car,16.3,8.411,
129,11,car,23.0,11.211,
129,14,car,17.3,9.918,
129,15,car,10.6,3.128,
130,2,car,12.7,5.271,
130,5,car,16.4,6.526,
130,11,car,22.8,10.263,
130,14,car,20.9,11.915,
130,15,car,11.1,6.856,
131,2,car,12.7,5.557,
131,5,car,17.5,10.091,
131,11,car,22.3,8.814,
131,14,car,21.6,7.628,
131,15,car,10.6,4.992,
132,2,car,12.7,5.683,
132,5,car,17.4,6.31,
132,11,car,22.9,11.028,
132,14,truck,20.9,6.021,
132,15,car,10.4,4.177,
133,2,car,12.6,5.474,
133,5,car,16.7,6.564,
133,11,car,22.8,9.759,
133,14,truck,20.7,8.567,
133,15,car,10.7,5.067,
134,2,car,12.4,5.976,
134,5,car,16.8,7.713,
134,11,car,22.0,8.993,
134,14,truck,20.1,11.473,
134,15,car,10.9,5.523,
135,2,car,12.3,5.285,
135,5,car,16.5,6.052,
135,11,car,22.3,9.764,
135,14,truck,20.4,8.266,
135,15,car,12.2,8.496,
136,2,car,12.1,4.598,
136,5,car,16.3,7.658,
136,11,car,21.9,9.835,
136,14,truck,20.4,10.059,
136,15,car,12.0,2.416,
137,2,car,12.1,5.382,
137,5,car,16.1,6.105,
137,11,car,21.9,10.226,
137,14,truck,20.5,12.003,
137,15,car,11.7,5.995,
138,2,car,12.1,5.48,
138,5,car,14.7,5.622,
138,11,car,21.8,8.7,
138,14,truck,20.5,7.855,
138,15,car,11.6,4.753,
139,2,car,11.9,4.969,
139,5,car,14.6,5.863,
139,11,car,21.3,9.318,
139,14,truck,21.4,8.605,
139,15,car,11.9,4.889,
140,2,car,11.7,4.925,
140,5,car,14.9,7.643,
140,11,car,21.2,9.459,
140,14,truck,21.5,8.919,
140,15,car,12.2,6.144,
141,2,car,11.5,5.201,
141,5,car,14.8,7.385,
141,11,car,21.2,9.145,
141,14,truck,21.4,11.408,
141,15,car,13.4,9.263,
142,2,car,11.3,4.851,
142,5,car,14.8,6.145,
142,11,car,21.1,9.256,
142,14,truck,21.7,8.953,
142,15,car,14.5,11.88,
143,2,car,11.3,4.672,
143,5,car,14.6,7.019,
143,11,car,20.9,9.414,
143,14,truck,21.7,10.118,
143,15,car,16.3,8.102,
144,2,car,11.2,4.875,
144,5,car,14.6,6.092,
144,11,car,21.0,10.489,
144,14,truck,21.4,11.188,
144,15,car,17.2,8.679,
145,2,car,11.0,4.927,
145,5,car,15.3,7.816,
145,11,car,20.7,7.701,
145,14,truck,21.4,7.64,
145,15,car,18.3,8.163,
146,2,car,11.1,5.279,
146,5,car,15.7,6.952,
146,11,car,20.4,8.353,
146,14,truck,20.7,6.699,
146,15,car,18.9,6.865,
147,2,car,11.0,4.775,
147,5,car,15.0,5.646,
147,11,car,20.3,9.271,
147,14,truck,20.8,9.196,
147,15,car,19.1,6.663,
148,2,car,10.8,4.351,
148,5,car,14.7,6.457,
148,11,car,20.6,9.871,
148,14,truck,21.1,12.188,
148,15,car,18.3,6.865,
149,2,car,10.7,4.533,
149,5,car,14.2,4.321,
149,11,car,20.7,9.569,
149,14,truck,20.6,7.373,
149,15,car,16.7,6.865,
149,17,car,20.9,47.445,
150,2,car,10.6,4.341,
150,5,car,13.7,5.514,
150,11,car,20.5,8.881,
150,14,truck,20.0,8.316,
150,15,car,16.2,6.663,
150,17,car,20.4,7.785,
151,2,car,10.5,4.708,
151,5,car,13.8,6.495,
151,11,car,20.1,9.399,
151,14,truck,21.1,14.538,
151,15,car,15.6,6.865,
151,17,car,22.5,8.274,
152,2,car,10.6,5.076,
152,5,car,13.7,7.602,
152,11,car,20.6,8.957,
152,14,truck,21.5,8.819,
152,15,car,15.2,6.865,
152,17,car,24.6,8.274,
152,18,car,19.9,11.667,
153,2,car,10.6,5.392,
153,5,car,13.5,6.364,
153,11,car,21.1,10.098,
153,14,truck,21.6,7.266,
153,15,car,15.2,6.663,
153,17,car,26.6,8.03,
153,18,car,20.6,10.064,
154,2,car,10.6,4.796,
154,5,car,13.6,5.926,
154,11,car,21.1,9.341,
154,14,truck,21.4,8.443,
154,15,car,15.2,6.865,
154,17,car,28.7,8.274,
154,18,car,19.5,6.75,
155,2,car,10.6,4.269,
155,5,car,13.6,6.291,
155,11,car,20.8,8.878,
155,14,truck,21.4,12.102,
155,15,car,15.2,6.663,
155,17,car,30.7,8.03,
155,18,car,20.9,12.461,
155,19,car,10.8,4.579,
156,2,car,10.7,4.759,
156,5,car,14.4,6.761,
156,11,car,20.3,7.972,
156,14,truck,21.6,8.148,
156,15,car,15.2,6.865,
156,17,car,21.8,19.673,
156,18,car,21.0,9.878,
156,19,car,10.9,4.997,
157,2,car,10.4,3.46,
157,5,car,14.7,6.456,
157,11,car,20.5,9.602,
157,14,truck,21.8,8.98,
157,15,car,15.2,6.865,
157,17,car,22.3,9.368,
157,18,car,21.9,8.269,
157,19,car,10.7,4.357,
158,2,car,10.3,4.574,
158,5,car,14.5,5.884,
158,11,car,20.8,10.188,
158,14,truck,21.2,12.458,
158,15,car,15.2,6.663,
158,17,car,22.6,9.093,
158,18,car,21.8,9.261,
158,19,car,10.9,5.303,
159,2,car,10.3,4.827,
159,5,car,13.8,5.552,
159,11,car,20.4,7.91,
159,14,truck,21.4,9.676,
159,15,car,15.2,6.865,
159,17,car,23.0,9.368,
159,18,car,21.6,10.814,
159,19,car,10.4,4.37,
160,2,car,9.9,4.283,
160,5,car,13.5,5.226,
160,11,car,20.0,8.792,
160,14,truck,22.1,9.454,
160,15,car,15.2,6.865,
160,17,car,23.4,9.368,
160,18,car,21.6,10.28,
160,19,car,10.7,4.706,
161,2,car,9.7,4.111,
161,5,car,14.2,8.175,
161,11,car,19.8,8.535,
161,14,truck,22.1,8.283,
161,17,car,23.6,9.093,
161,18,car,23.0,10.86,
161,19,car,10.8,5.504,
162,2,car,9.8,4.501,
162,5,car,14.2,6.471,
162,11,car,19.9,9.292,
162,14,truck,21.8,11.212,
162,17,car,24.1,9.368,
162,18,car,21.5,7.933,
162,19,car,11.1,5.415,
163,2,car,9.5,3.939,
163,5,car,14.1,6.471,
163,11,car,20.0,8.133,
163,14,truck,21.7,7.808,
163,17,car,21.7,12.333,
163,18,car,22.0,11.302,
163,19,car,10.7,3.891,
164,2,car,9.8,4.33,
164,5,car,13.5,4.347,
164,11,car,19.6,8.579,
164,14,truck,21.8,9.164,
164,17,car,21.7,9.326,
164,18,car,22.0,8.306,
164,19,car,10.7,4.192,
165,2,car,9.7,4.389,
165,5,car,12.9,4.138,
165,11,car,19.4,9.445,
165,14,truck,21.8,12.698,
165,17,car,21.9,9.608,
165,18,car,21.1,6.442,
165,19,car,10.6,5.124,
166,2,car,9.6,4.337,
166,5,car,12.7,4.887,
166,11,car,19.8,9.116,
166,14,truck,21.2,7.822,
166,17,car,21.9,9.326,
166,18,car,20.4,8.741,
166,19,car,10.7,4.526,
167,2,car,9.6,4.38,
167,5,truck,12.2,3.796,
167,11,car,19.5,7.901,
167,14,truck,21.1,9.168,
167,17,car,21.9,9.608,
167,18,car,20.3,9.88,
167,19,car,10.6,4.586,
168,2,car,9.5,3.786,
168,5,truck,11.2,5.066,
168,11,car,19.8,9.395,
168,14,truck,21.0,7.8,
168,17,car,22.1,9.608,
168,18,car,19.7,9.172,
168,19,car,10.4,4.69,
169,2,car,9.3,4.057,
169,5,car,11.6,7.481,
169,11,car,19.3,7.765,
169,14,truck,21.2,11.977,
169,17,car,22.1,9.326,
169,18,car,20.1,8.902,
169,19,car,16.6,25.062,
170,2,car,9.6,4.802,
170,5,car,11.4,5.846,
170,11,car,19.4,8.571,
170,14,truck,21.1,7.274,
170,17,car,21.2,9.608,
170,18,car,19.4,9.172,
170,19,car,22.2,21.19,
171,2,car,9.6,4.194,
171,5,car,11.9,6.081,
171,11,car,19.4,8.482,
171,14,truck,21.7,11.035,
171,17,car,21.3,9.608,
171,18,car,21.2,13.961,
171,19,car,23.6,8.527,
172,2,car,9.3,3.592,
172,5,car,12.1,4.843,
172,11,car,18.8,7.489,
172,14,truck,20.9,10.444,
172,17,car,21.2,9.326,
172,18,car,22.2,9.512,
172,19,car,24.6,8.276,
172,20,car,16.1,7.24,
173,2,car,9.2,3.958,
173,5,car,12.5,6.012,
173,11,car,19.1,10.043,
173,14,truck,21.3,8.852,
173,17,car,21.3,9.608,
173,18,car,21.6,6.9,
173,19,car,25.8,8.527,
173,20,car,16.3,7.536,
174,2,car,9.0,3.696,
174,5,car,12.9,5.003,
174,11,car,19.3,8.732,
174,14,truck,21.7,10.666,
174,17,car,21.3,9.608,
174,18,car,22.4,12.346,
174,19,car,27.1,8.527,
174,20,car,16.1,6.936,
175,2,car,9.2,4.445,
175,5,car,12.8,4.815,
175,11,car,19.3,9.221,
175,14,truck,21.7,7.524,
175,17,car,21.2,9.326,
175,18,car,22.6,9.976,
175,19,car,28.2,8.276,
175,20,car,16.1,7.207,
176,2,car,9.0,3.574,
176,5,truck,11.4,3.113,
176,11,car,19.3,7.832,
176,14,truck,21.4,11.286,
176,17,car,21.3,9.608,
176,18,car,23.1,10.511,
176,19,car,28.3,25.179,
176,20,car,16.1,7.259,
177,2,car,8.9,4.32,
177,5,car,11.4,5.715,
177,11,car,19.1,8.046,
177,14,truck,21.8,8.466,
177,17,car,21.2,9.326,
177,18,car,23.5,10.369,
177,19,car,24.1,8.221,
177,20,car,16.2,7.045,
177,21,truck,7.2,2.831,
178,2,car,8.9,4.138,
178,5,car,10.7,4.138,
178,11,car,18.9,7.821,
178,14,truck,21.7,10.793,
178,17,car,21.2,9.608,
178,18,car,22.0,9.102,
178,19,car,24.6,9.837,
178,20,car,16.0,6.687,
178,21,truck,6.7,2.917,
179,2,car,8.9,3.766,
179,5,car,10.9,5.175,
179,11,car,19.6,9.569,
179,14,truck,21.6,10.119,
179,18,car,23.2,13.315,
179,19,car,25.1,9.837,
179,20,car,15.9,7.071,
179,21,truck,7.5,2.917,
180,2,car,8.7,3.333,
180,5,car,10.6,5.329,
180,11,car,18.9,8.046,
180,14,truck,21.5,8.351,
180,18,car,23.5,7.997,
180,19,car,25.4,9.547,
180,20,car,16.0,7.791,
180,21,truck,6.4,2.831,
180,22,truck,14.6,11.526,
181,2,car,8.6,3.433,
181,5,car,10.8,5.617,
181,11,car,19.2,9.458,
181,14,truck,21.1,9.538,
181,18,car,23.4,12.074,
181,19,car,25.8,9.837,
181,20,car,15.5,5.474,
181,21,truck,6.4,2.917,
181,22,truck,16.3,10.439,
182,2,car,8.6,4.277,
182,5,car,11.2,5.912,
182,11,car,18.8,8.139,
182,14,truck,21.2,7.879,
182,18,car,22.0,5.429,
182,19,car,26.3,9.837,
182,20,car,16.7,10.845,
182,21,truck,6.5,2.917,
182,22,truck,18.2,12.402,
183,2,car,8.7,4.076,
183,5,car,11.4,3.64,
183,11,car,18.8,7.844,
183,14,truck,21.0,10.604,
183,18,car,20.9,7.265,
183,19,car,21.3,9.547,
183,20,car,18.0,11.499,
183,21,truck,6.4,2.831,
183,22,truck,18.8,10.046,
184,2,car,8.8,4.465,
184,5,car,10.7,3.817,
184,11,car,18.8,7.846,
184,14,truck,21.3,9.512,
184,18,car,20.6,9.128,
184,19,car,21.8,9.837,
184,20,car,20.4,14.353,
184,21,truck,6.5,2.917,
184,22,truck,20.6,9.088,
185,2,car,8.9,4.383,
185,5,car,11.0,5.036,
185,11,car,18.7,7.61,
185,14,truck,21.0,9.679,
185,18,car,20.6,9.382,
185,19,car,21.8,9.837,
185,20,car,22.9,14.664,
185,21,truck,6.5,2.917,
185,22,truck,22.5,9.6,
186,2,car,8.6,2.983,
186,5,car,10.9,4.888,
186,11,car,18.3,8.221,
186,14,truck,21.0,10.231,
186,18,car,19.4,9.356,
186,19,car,21.7,9.547,
186,20,car,24.8,12.95,
186,21,truck,6.4,2.831,
186,22,truck,23.1,9.217,
187,2,car,8.6,3.426,
187,5,car,10.8,5.036,
187,11,car,18.4,8.424,
187,14,truck,21.2,8.95,
187,18,car,19.6,8.769,
187,19,car,21.8,9.837,
187,20,car,27.3,15.73,
187,21,truck,6.5,2.917,
187,22,truck,22.7,10.105,
188,2,car,8.8,3.963,
188,5,car,10.2,3.629,
188,11,car,17.9,7.842,
188,14,truck,21.2,9.419,
188,18,car,18.7,9.272,
188,19,car,21.7,9.547,
188,20,car,29.9,13.389,
188,21,truck,6.4,2.831,
188,22,truck,22.5,9.893,
189,2,car,8.6,3.584,
189,5,car,8.9,1.725,
189,11,car,18.5,10.094,
189,14,truck,21.4,8.681,
189,18,car,20.4,10.791,
189,19,car,21.7,9.837,
189,20,car,31.4,15.634,
189,22,truck,22.1,11.235,
190,2,car,8.4,3.385,
190,5,car,9.0,3.994,
190,11,car,18.5,7.837,
190,14,truck,21.6,10.961,
190,18,car,21.2,9.769,
190,19,car,21.8,9.837,
190,20,car,32.1,13.851,
190,22,truck,22.2,10.364,
191,2,car,8.3,4.147,
191,5,car,8.0,0.825,
191,11,car,18.2,7.084,
191,14,truck,21.4,9.136,
191,18,car,21.4,9.605,
191,19,car,21.7,9.547,
191,20,car,32.6,15.81,
191,22,truck,22.1,8.592,
192,2,car,8.1,3.963,
192,5,car,6.9,1.544,
192,11,car,18.4,8.112,
192,14,truck,21.4,9.693,
192,18,car,20.5,6.438,
192,19,car,21.7,9.837,
192,20,car,32.1,13.097,
192,22,truck,21.9,9.055,
193,2,car,8.5,4.005,
193,5,car,6.5,3.446,
193,11,car,18.5,8.522,
193,14,truck,21.5,10.305,
193,18,car,21.0,11.09,
193,20,car,31.8,12.024,
193,22,truck,22.1,9.938,
194,2,car,8.7,4.033,
194,5,car,5.9,3.345,
194,11,car,18.0,6.986,
194,14,truck,21.5,9.002,
194,18,car,20.2,6.218,
194,20,car,32.0,16.45,
194,22,truck,22.2,10.386,
195,2,car,8.5,3.46,
195,5,car,5.9,3.446,
195,11,car,17.8,7.028,
195,14,truck,21.1,8.234,
195,18,car,20.4,9.831,
195,20,car,31.9,13.007,
195,22,truck,22.3,10.309,
196,2,car,8.3,3.018,
196,5,car,6.4,3.446,
196,11,car,16.9,7.246,
196,14,truck,21.1,8.803,
196,18,car,20.8,12.024,
196,20,car,31.5,14.307,
196,22,truck,21.9,9.987,
197,2,car,8.5,3.889,
197,5,car,6.2,3.345,
197,11,car,17.5,9.702,
197,14,truck,20.9,10.139,
197,18,car,20.8,9.78,
197,20,car,31.4,13.693,
197,22,truck,21.7,9.531,
198,2,car,8.1,2.876,
198,5,car,7.0,3.446,
198,11,car,17.7,7.916,
198,14,truck,20.9,9.083,
198,18,car,20.4,8.447,
198,20,car,30.8,13.848,
198,22,truck,22.1,9.964,
199,2,car,8.0,3.619,
199,5,car,7.6,3.345,
199,11,car,17.3,6.757,
199,14,truck,21.1,10.314,
199,18,car,21.3,9.181,
199,20,car,31.2,14.347,
199,22,truck,22.1,8.905,
200,2,car,7.9,3.712,
200,5,car,7.6,3.446,
200,11,car,16.9,7.204,
200,14,truck,20.8,9.552,
200,18,car,20.1,7.499,
200,20,car,31.4,12.611,
200,22,truck,22.1,10.08,
201,2,car,7.5,2.872,
201,5,car,7.6,3.446,
201,11,car,17.0,7.422,
201,14,truck,21.0,9.682,
201,18,car,20.7,8.041,
201,20,car,30.9,14.848,
201,22,truck,22.2,10.658,
202,2,car,7.6,3.692,
202,5,car,7.6,3.345,
202,11,car,17.9,9.878,
202,14,truck,21.2,8.886,
202,18,car,21.1,11.049,
202,20,car,30.9,13.123,
202,22,truck,22.0,9.871,
203,2,car,7.7,3.44,
203,5,car,7.6,3.446,
203,11,car,17.7,6.476,
203,14,truck,20.8,7.432,
203,18,car,20.3,9.574,
203,20,car,30.3,12.274,
203,22,truck,22.2,10.368,
204,2,car,7.8,4.114,
204,5,car,7.6,3.446,
204,11,car,16.5,5.862,
204,14,truck,20.6,9.649,
204,18,car,19.8,8.048,
204,20,car,31.0,15.855,
204,22,truck,22.0,8.896,
205,2,car,8.1,3.995,
205,5,car,7.6,3.345,
205,11,car,15.7,5.509,
205,14,truck,20.6,8.834,
205,18,car,19.5,7.48,
205,20,car,30.6,12.758,
205,22,truck,21.8,9.421,
206,2,car,8.1,3.549,
206,5,car,7.6,3.446,
206,11,car,16.5,9.335,
206,14,truck,20.3,9.592,
206,18,car,20.0,11.047,
206,20,car,30.9,15.231,
206,22,truck,21.8,8.896,
207,2,car,7.9,2.977,
207,5,car,7.6,3.446,
207,11,car,16.4,6.843,
207,14,truck,20.1,8.848,
207,18,car,20.8,9.774,
207,20,car,31.2,13.693,
207,22,truck,21.8,10.226,
208,2,car,7.8,2.73,
208,11,car,16.3,7.182,
208,14,truck,19.9,8.997,
208,18,car,20.7,7.783,
208,20,car,31.1,14.311,
208,22,truck,21.8,10.396,
208,24,car,5.1,1.923,
209,2,car,7.6,2.853,
209,11,car,15.3,6.652,
209,14,truck,20.3,10.187,
209,18,car,20.7,11.184,
209,20,car,31.5,14.356,
209,22,truck,21.6,9.4,
209,24,car,4.9,1.646,
210,2,car,7.6,3.459,
210,11,car,15.5,7.018,
210,14,truck,20.5,8.135,
210,18,car,20.4,8.553,
210,20,car,31.7,12.859,
210,22,truck,21.7,10.559,
210,24,car,4.4,1.521,
211,2,car,7.3,3.185,
211,11,car,16.3,8.585,
211,14,truck,20.4,9.137,
211,18,car,20.5,8.434,
211,20,car,31.4,14.934,
211,22,truck,22.1,10.135,
211,24,car,4.3,1.761,
212,2,car,7.0,3.245,
212,11,car,17.1,7.845,
212,14,truck,20.4,8.816,
212,18,car,20.4,7.05,
212,20,car,31.5,13.179,
212,22,truck,22.3,10.139,
212,24,car,4.3,1.818,
213,2,car,6.8,2.969,
213,11,car,16.2,6.58,
213,14,truck,20.0,8.608,
213,18,car,19.5,8.179,
213,20,car,31.1,14.084,
213,22,truck,22.1,8.277,
213,24,car,4.1,1.45,
214,2,car,7.2,4.248,
214,11,car,16.0,6.202,
214,14,truck,19.7,7.642,
214,18,truck,20.2,12.037,
214,20,car,31.1,13.683,
214,22,truck,22.2,10.448,
214,24,car,3.6,1.247,
215,2,car,7.6,3.808,
215,11,car,16.1,7.403,
215,14,truck,19.9,9.767,
215,18,car,20.5,8.604,
215,20,car,30.8,13.357,
215,22,truck,22.2,10.527,
215,24,car,3.6,1.799,
216,2,car,7.7,3.11,
216,11,car,16.3,7.398,
216,14,truck,19.6,9.192,
216,18,truck,20.1,10.038,
216,20,car,31.1,15.141,
216,22,truck,22.2,9.409,
216,24,car,3.8,2.321,
217,2,car,7.5,3.01,
217,11,car,16.5,7.652,
217,14,truck,19.7,8.615,
217,18,car,20.5,9.917,
217,20,car,31.1,12.843,
217,22,truck,22.2,10.628,
217,24,car,4.1,2.423,
218,2,car,7.4,2.707,
218,11,car,16.1,7.24,
218,14,truck,19.1,7.272,
218,18,car,20.6,8.607,
218,20,car,31.3,15.612,
218,22,truck,22.1,9.802,
218,24,car,4.0,1.364,
218,26,car,19.9,8.932,
219,2,car,7.2,2.725,
219,11,car,15.6,6.483,
219,14,truck,19.0,8.227,
219,18,car,20.8,7.627,
219,20,car,31.3,13.069,
219,22,truck,22.1,10.082,
219,24,car,3.8,1.446,
219,26,car,20.1,9.272,
220,2,car,7.2,2.768,
220,11,car,16.2,8.395,
220,14,truck,19.3,9.615,
220,18,car,21.0,8.99,
220,20,car,31.3,14.086,
220,22,truck,22.4,9.063,
220,24,car,3.8,1.424,
220,26,car,20.5,9.786,
221,2,car,6.7,2.715,
221,11,car,16.3,6.387,
221,14,truck,20.1,10.216,
221,18,car,20.1,9.063,
221,20,car,31.2,13.636,
221,22,truck,22.1,9.68,
221,24,car,4.2,2.231,
221,26,car,20.3,8.636,
222,2,car,6.8,4.154,
222,11,car,16.2,7.145,
222,14,truck,19.1,6.761,
222,18,car,20.4,9.516,
222,20,car,31.4,13.745,
222,22,truck,22.2,10.767,
222,24,car,4.1,1.48,
222,26,car,20.4,9.267,
223,2,car,6.9,3.476,
223,11,car,16.2,7.236,
223,14,truck,19.4,10.108,
223,18,car,19.8,8.181,
223,20,car,31.6,15.92,
223,22,truck,22.3,9.827,
223,24,car,3.9,1.948,
223,26,car,20.7,9.387,
224,2,car,6.9,3.007,
224,11,car,15.9,6.822,
224,14,truck,19.4,8.426,
224,18,car,20.0,10.68,
224,20,car,31.6,12.732,
224,22,truck,22.1,9.844,
224,24,car,4.0,2.645,
224,26,car,20.7,9.378,
225,2,car,7.0,2.947,
225,11,car,15.9,7.385,
225,14,truck,19.8,8.512,
225,18,car,20.2,9.1,
225,20,car,31.2,14.311,
225,22,truck,22.3,10.461,
225,24,car,4.1,1.661,
225,26,car,22.1,13.425,
226,2,car,7.2,3.478,
226,11,car,16.1,7.053,
226,14,truck,19.1,6.168,
226,18,car,20.4,8.245,
226,20,car,31.4,13.886,
226,22,truck,21.9,8.839,
226,24,car,4.2,1.656,
226,26,car,24.9,18.129,
227,2,car,7.5,3.639,
227,11,car,15.8,7.448,
227,14,truck,18.9,8.804,
227,18,car,20.3,8.831,
227,20,car,31.1,13.115,
227,22,truck,21.5,7.995,
227,24,car,4.5,2.313,
227,26,car,27.1,16.437,
227,28,truck,10.6,9.426,
228,2,car,7.4,2.465,
228,11,car,15.7,5.898,
228,14,truck,18.4,8.696,
228,18,car,19.7,7.069,
228,20,car,31.5,14.96,
228,22,truck,21.7,10.276,
228,24,car,4.4,2.082,
228,26,car,30.5,19.271,
228,28,truck,9.8,2.712,
229,2,car,6.9,2.663,
229,11,car,15.7,7.371,
229,14,truck,19.0,8.686,
229,18,car,20.0,10.436,
229,20,car,31.5,13.68,
229,22,truck,21.8,11.07,
229,24,car,4.5,1.782,
229,26,car,33.1,17.626,
229,28,truck,11.0,8.199,
229,29,car,10.0,4.059,
230,2,car,6.7,2.763,
230,11,car,15.6,6.76,
230,14,truck,18.0,7.098,
230,18,car,20.0,8.267,
230,20,car,31.0,14.435,
230,22,truck,21.7,9.495,
230,24,car,4.2,1.147,
230,26,car,36.1,18.744,
230,28,truck,9.6,3.394,
230,29,car,10.4,5.468,
231,2,car,6.7,3.112,
231,11,car,15.7,7.081,
231,14,truck,18.3,9.404,
231,18,car,19.3,8.548,
231,20,car,31.6,14.421,
231,22,truck,21.7,9.627,
231,24,car,3.8,1.222,
231,26,car,38.8,17.851,
231,28,truck,9.9,3.497,
231,29,car,10.5,5.013,
232,2,car,6.9,3.361,
232,11,car,15.7,7.51,
232,14,truck,18.1,7.756,
232,18,car,18.8,7.51,
232,20,car,31.1,12.782,
232,22,truck,21.6,10.286,
232,24,car,3.8,1.549,
232,26,car,40.3,18.189,
232,28,truck,19.0,32.183,
232,29,car,10.9,4.634,
233,2,car,7.0,3.855,
233,11,car,15.4,6.142,
233,14,truck,18.7,8.122,
233,18,car,19.6,10.799,
233,20,car,31.6,15.463,
233,22,truck,21.6,8.954,
233,24,car,3.7,1.596,
233,26,car,40.9,19.862,
233,28,truck,22.6,11.34,
233,29,car,10.7,4.23,
234,2,car,6.8,3.167,
234,11,car,15.4,7.366,
234,14,truck,18.1,6.979,
234,18,truck,19.8,9.436,
234,20,car,31.7,13.582,
234,22,truck,21.9,8.851,
234,24,car,3.5,1.596,
234,26,car,41.2,17.47,
234,28,truck,20.7,3.473,
234,29,car,10.7,4.063,
235,2,car,6.9,2.684,
235,11,car,15.8,7.068,
235,14,truck,18.7,10.548,
235,18,car,19.8,7.032,
235,20,car,31.5,14.066,
235,22,truck,21.6,9.25,
235,24,car,3.3,1.549,
235,26,car,41.4,19.683,
235,28,truck,20.4,1.724,
235,29,car,10.5,5.378,
236,2,car,7.0,2.835,
236,11,car,15.7,7.265,
236,14,truck,18.7,8.563,
236,18,car,19.8,10.349,
236,20,car,31.6,14.067,
236,22,truck,21.2,10.032,
236,24,car,3.3,1.596,
236,26,car,41.3,17.453,
236,28,truck,18.6,2.445,
236,29,car,10.5,4.116,
237,2,car,7.0,2.777,
237,11,car,15.8,6.861,
237,14,truck,19.3,9.012,
237,18,car,19.8,8.287,
237,20,car,32.1,16.125,
237,22,truck,21.3,9.779,
237,24,car,3.4,1.596,
237,26,car,41.4,18.91,
237,28,truck,18.9,4.569,
237,29,car,10.6,5.846,
238,2,car,6.8,2.654,
238,11,car,15.4,6.021,
238,14,truck,18.6,7.282,
238,18,car,19.4,7.236,
238,20,car,31.6,12.713,
238,22,truck,21.5,9.995,
238,24,car,3.5,1.549,
238,26,car,41.2,17.425,
238,28,truck,19.0,3.871,
238,29,car,10.5,4.595,
238,30,truck,4.6,2.044,
239,2,car,6.7,2.849,
239,11,car,15.5,7.73,
239,14,truck,18.6,7.853,
239,18,car,19.6,8.038,
239,20,car,31.7,13.065,
239,22,truck,21.4,10.127,
239,24,car,3.5,1.596,
239,26,car,41.3,18.507,
239,28,truck,13.4,14.567,
239,29,car,10.4,4.452,
239,30,truck,4.7,2.106,
240,2,car,6.3,2.735,
240,11,car,15.7,6.918,
240,14,truck,18.1,6.538,
240,18,car,19.5,10.514,
240,20,car,31.5,14.871,
240,22,truck,21.3,8.599,
240,24,car,3.5,1.596,
240,26,car,40.9,18.522,
240,28,truck,10.7,2.823,
240,29,car,10.6,4.717,
240,30,truck,4.7,2.106,
241,2,car,6.2,2.721,
241,11,car,15.5,6.696,
241,14,truck,18.3,7.336,
241,18,car,19.3,8.969,
241,20,car,31.4,13.483,
241,22,truck,21.2,8.639,
241,24,car,3.5,1.549,
241,26,car,40.8,17.026,
241,28,truck,9.7,0.406,
241,29,car,10.8,4.667,
241,30,truck,4.6,2.044,
242,2,car,6.2,2.756,
242,11,car,15.4,6.644,
242,14,truck,17.5,8.037,
242,18,car,19.4,7.324,
242,20,car,32.1,16.028,zone_1:enter
242,22,truck,21.3,9.561,
242,24,car,3.5,1.596,
242,26,car,40.2,17.919,
242,28,truck,10.3,3.697,
242,29,car,11.3,7.107,
242,30,truck,4.7,2.106,
243,2,car,6.5,3.77,
243,11,car,14.8,5.464,
243,14,truck,17.2,7.673,
243,18,car,18.7,7.993,
243,20,car,31.7,13.065,
243,22,truck,20.9,8.599,
243,24,car,3.5,1.549,
243,26,car,40.5,18.306,
243,28,truck,11.8,6.884,
243,29,car,12.0,6.292,
243,30,truck,4.6,2.044,
244,2,car,6.8,3.676,
244,11,car,15.0,7.384,
244,14,truck,16.6,7.302,
244,18,car,19.1,9.629,
244,20,car,30.6,12.502,
244,22,truck,20.7,9.38,
244,24,car,3.5,1.596,
244,26,car,40.6,19.403,
244,28,truck,10.5,0.503,
244,29,car,13.3,9.911,
244,30,truck,4.6,2.106,
245,2,car,6.9,3.234,
245,11,car,15.1,6.527,
245,14,truck,16.8,7.87,
245,18,car,19.5,8.678,
245,20,car,31.3,14.968,
245,22,truck,20.8,10.055,
245,24,car,3.5,1.596,
245,26,car,40.9,18.426,
245,28,truck,10.4,3.667,
245,29,car,14.9,9.37,
245,30,truck,4.7,2.106,
246,2,car,7.1,3.204,
246,11,car,14.9,6.856,
246,14,truck,17.0,8.452,
246,18,car,19.0,6.49,
246,20,car,31.5,13.691,
246,22,truck,20.6,9.506,
246,24,car,3.5,1.549,
246,26,car,41.0,18.706,
246,28,truck,7.0,3.856,
246,29,car,16.8,10.429,
246,30,truck,4.6,2.044,
247,2,car,6.9,2.085,
247,11,car,14.8,6.603,
247,14,truck,17.5,8.238,
247,18,car,18.2,7.936,
247,20,car,31.5,14.749,
247,22,truck,20.5,8.437,
247,26,car,40.7,17.478,
247,28,truck,7.0,3.044,
247,29,car,18.1,8.964,
248,2,car,6.6,2.06,
248,11,car,14.8,6.861,
248,14,truck,17.6,7.655,
248,18,car,18.3,9.31,
248,20,car,31.5,13.49,
248,22,truck,20.4,8.202,
248,26,car,41.0,18.184,
248,28,truck,7.9,3.044,
248,29,car,19.9,10.119,
249,2,car,6.7,3.029,
249,11,car,15.1,7.568,
249,14,truck,17.5,7.544,
249,18,car,18.7,8.405,
249,20,car,30.6,13.152,
249,22,truck,20.2,8.991,
249,26,car,41.1,18.105,
249,28,truck,7.7,2.954,
249,29,car,20.5,9.115,
250,2,car,6.3,2.46,
250,11,car,15.3,6.035,
250,14,truck,16.9,5.697,
250,18,car,19.1,9.335,
250,20,car,30.8,13.835,
250,22,truck,20.5,9.493,
250,26,car,41.0,17.997,
250,28,truck,6.4,3.044,
250,29,car,21.5,9.404,
250,34,car,17.5,7.942,
251,2,car,6.0,2.729,
251,11,car,15.0,6.41,
251,14,truck,17.0,7.688,
251,18,car,18.7,8.285,
251,20,car,31.4,14.302,
251,22,truck,20.4,9.212,
251,26,car,40.4,17.658,
251,28,truck,7.2,3.044,
251,29,car,21.4,9.533,
251,34,car,17.5,7.87,
252,2,car,5.8,2.421,
252,11,car,15.1,6.807,
252,14,truck,17.0,7.929,
252,18,car,18.3,7.522,
252,20,car,31.0,13.654,
252,22,truck,20.2,9.333,
252,26,car,40.0,17.018,
252,28,truck,7.0,2.954,
252,29,car,21.7,10.37,
252,34,car,17.9,8.673,
253,2,car,5.5,2.504,
253,11,car,15.0,6.611,
253,14,truck,17.1,8.909,
253,18,car,18.8,8.086,
253,20,car,30.9,13.532,
253,22,truck,20.1,9.301,
253,26,car,40.0,18.585,
253,28,truck,6.8,3.044,
253,29,car,20.7,7.173,
253,34,car,17.9,7.941,
254,2,car,5.7,2.592,
254,11,car,14.9,6.29,
254,14,truck,16.8,7.129,
254,18,car,19.1,8.67,
254,20,car,30.7,14.086,
254,22,truck,20.3,8.924,
254,26,car,40.0,17.494,
254,28,truck,6.7,2.954,
254,29,car,20.3,7.825,
254,34,car,17.7,7.572,
254,35,truck,9.8,1.594,
255,2,car,5.9,2.624,
255,11,car,15.0,7.191,
255,14,truck,16.5,6.843,
255,18,car,18.6,7.953,
255,20,car,30.8,13.667,
255,22,truck,20.2,7.808,
255,26,car,40.1,18.784,
255,28,truck,6.7,3.044,
255,29,car,20.7,11.421,
255,34,car,17.7,8.055,
255,35,truck,8.8,1.642,
256,2,car,5.6,2.342,
256,11,car,14.4,5.734,
256,14,truck,16.6,7.718,
256,18,car,17.9,6.177,
256,20,car,31.0,13.815,
256,22,truck,20.3,9.385,
256,26,car,39.9,17.412,
256,28,truck,6.8,3.044,
256,29,car,21.0,9.9,
256,34,car,18.6,10.304,
256,35,truck,8.1,1.642,
257,2,car,6.1,3.944,
257,11,car,15.2,8.386,
257,14,truck,16.9,6.81,
257,18,car,17.6,8.463,
257,20,car,31.1,14.159,
257,22,truck,19.8,8.01,
257,26,car,40.1,18.394,
257,28,truck,6.7,2.954,
257,29,car,21.0,9.525,
257,34,car,18.9,8.684,
257,35,truck,3.6,1.594,
258,2,car,6.1,2.717,
258,11,car,14.9,5.661,
258,14,truck,16.8,7.313,
258,18,car,17.4,7.535,
258,20,car,31.3,14.974,
258,22,truck,19.6,8.5,
258,26,car,40.0,17.423,
258,28,truck,6.7,3.044,
258,29,car,20.6,8.367,
258,34,car,20.6,13.377,
258,35,truck,3.6,1.642,
259,2,car,6.1,2.467,
259,11,car,15.5,8.586,
259,14,truck,16.7,7.473,
259,18,car,17.9,9.042,
259,20,car,31.1,13.097,
259,22,truck,19.6,9.282,
259,26,car,40.4,18.226,
259,28,truck,6.8,3.044,
259,29,car,20.7,10.641,
259,34,car,22.8,15.375,
259,35,truck,3.6,1.642,
260,2,car,6.2,2.654,
260,11,car,14.8,4.559,
260,14,truck,15.5,5.156,
260,18,car,17.8,7.716,
260,20,car,30.9,12.968,
260,22,truck,19.4,8.816,
260,26,car,40.0,17.509,
260,28,truck,6.7,2.954,
260,29,car,20.7,7.068,
260,34,car,25.2,15.36,
260,35,truck,3.6,1.594,
261,2,car,6.0,1.946,
261,11,car,14.4,4.854,
261,14,truck,15.2,6.274,
261,18,car,17.7,8.485,
261,20,car,30.8,13.716,
261,22,truck,19.3,8.677,
261,26,car,40.3,18.446,
261,28,truck,6.8,3.044,
261,29,car,21.5,10.257,
261,34,car,28.0,16.555,
261,35,truck,3.6,1.642,
262,2,car,6.1,3.023,
262,11,car,14.3,6.903,
262,14,truck,15.6,7.981,
262,18,car,17.2,6.554,
262,20,car,31.0,14.34,
262,22,truck,19.5,8.473,
262,26,car,40.1,18.004,
262,29,car,21.2,10.726,
262,34,car,30.6,16.16,
262,35,truck,3.6,1.642,
263,2,car,6.1,2.324,
263,11,car,14.7,7.02,
263,14,truck,15.4,7.268,
263,18,car,18.3,9.333,
263,20,car,31.1,14.01,
263,22,truck,19.1,8.13,
263,26,car,40.0,17.11,
263,29,car,21.0,9.278,
263,34,car,32.5,16.124,
263,35,truck,3.6,1.594,
264,2,car,5.7,2.666,
264,11,car,14.0,6.081,
264,14,truck,15.4,6.604,
264,18,car,17.1,4.989,
264,20,car,30.9,13.452,
264,22,truck,19.5,9.267,
264,26,car,40.0,18.379,
264,29,car,21.0,9.51,
264,34,car,34.7,15.682,
264,35,truck,3.6,1.642,
265,2,car,5.7,2.605,
265,11,car,14.2,6.584,
265,14,truck,15.0,6.202,
265,18,car,17.5,8.603,
265,20,car,30.2,12.927,
265,22,truck,19.4,8.055,
265,26,car,39.8,16.936,
265,29,car,20.7,7.27,
265,34,car,35.6,16.018,
265,35,truck,3.6,1.594,
266,2,car,5.5,2.027,
266,11,car,13.2,5.439,
266,14,truck,14.9,7.213,
266,18,car,16.9,7.227,
266,20,car,30.4,13.679,
266,22,truck,19.5,9.53,
266,26,car,39.6,17.615,
266,29,car,21.1,11.845,
266,34,car,35.4,15.005,
267,2,car,5.5,2.765,
267,11,car,13.7,6.143,
267,14,truck,15.5,7.059,
267,18,car,17.5,9.636,
267,20,car,30.7,14.022,
267,22,truck,19.1,7.569,
267,26,car,39.3,16.575,
267,29,car,21.8,9.371,
267,34,car,35.6,15.705,
268,2,car,5.9,3.019,
268,11,car,13.7,4.708,
268,14,truck,15.7,6.929,
268,18,car,16.5,5.308,
268,20,car,30.8,13.846,
268,22,truck,19.1,8.704,
268,26,car,39.1,17.613,
268,29,car,21.2,8.423,
268,34,car,35.6,16.647,
269,2,car,5.9,2.9,
269,11,car,13.4,5.819,
269,14,truck,14.7,4.826,
269,18,car,16.9,7.869,
269,20,car,30.8,14.364,
269,22,truck,18.8,7.662,
269,26,car,38.7,16.941,
269,29,car,21.5,11.577,
269,34,car,35.7,16.617,
270,2,car,6.0,2.654,
270,11,car,12.9,5.652,
270,14,truck,14.2,5.677,
270,18,car,16.7,8.57,
270,20,car,30.5,13.053,
270,22,truck,18.8,7.888,
270,26,car,38.9,17.695,
270,29,car,21.6,9.644,
270,34,car,35.4,15.134,
271,2,car,5.7,1.997,
271,11,car,12.8,5.773,
271,14,truck,14.2,6.541,
271,18,car,17.6,7.841,
271,20,car,30.7,14.194,
271,22,truck,18.5,8.375,
271,26,car,38.4,16.729,
271,29,car,20.4,5.728,
271,34,car,35.2,14.876,
272,2,car,5.8,2.644,
272,11,car,12.7,6.056,
272,14,truck,14.5,7.149,
272,18,car,16.9,6.513,
272,20,car,31.0,13.705,
272,22,truck,18.7,8.881,
272,26,car,38.6,17.697,zone_1:enter
272,29,car,21.1,9.507,
272,34,car,35.3,16.462,
273,2,car,5.9,2.505,
273,11,car,12.9,6.263,
273,14,car,14.3,6.484,
273,18,car,17.4,8.774,
273,20,car,31.2,14.309,
273,22,truck,18.0,7.275,
273,26,car,38.3,16.693,
273,29,car,21.2,12.214,
273,34,car,35.8,16.657,
274,2,car,5.8,2.322,
274,11,car,12.9,6.168,
274,14,truck,14.1,6.621,
274,18,car,16.8,7.777,
274,20,car,31.1,13.691,
274,22,truck,17.8,7.037,
274,26,car,38.4,16.641,
274,29,car,21.1,8.987,
274,34,car,36.0,16.267,
274,37,truck,3.4,1.502,
275,2,car,5.7,2.679,
275,11,car,13.3,5.91,
275,14,truck,13.8,5.938,
275,18,car,17.4,7.247,
275,20,car,31.2,14.381,
275,22,truck,17.7,8.144,
275,26,car,38.1,16.819,
275,29,car,21.0,8.119,
275,34,car,35.4,14.681,
275,37,truck,3.4,1.548,
275,38,car,18.9,9.365,
276,2,car,5.3,1.92,
276,11,car,13.2,5.441,
276,14,truck,14.1,5.619,
276,18,car,17.0,6.574,
276,20,car,30.8,13.116,
276,22,truck,18.0,8.615,
276,26,car,38.1,16.944,
276,29,car,20.7,10.444,
276,34,car,35.1,15.903,
276,38,car,19.2,8.97,
277,2,car,5.4,2.787,
277,11,car,13.1,5.256,
277,14,truck,14.2,6.056,
277,18,car,16.2,5.877,
277,20,car,31.1,13.909,
277,22,truck,18.1,8.294,
277,26,car,37.8,16.862,
277,29,car,20.8,9.983,
277,34,car,35.3,15.657,
277,38,car,19.9,10.19,
278,2,car,5.3,1.849,
278,11,car,13.0,5.559,
278,14,truck,13.9,5.628,
278,18,car,16.2,7.786,
278,20,car,31.1,14.295,
278,22,truck,17.8,7.596,
278,26,car,37.8,16.779,
278,29,car,21.6,8.388,
278,34,car,35.7,16.092,
278,38,car,20.3,10.021,
279,2,car,5.3,2.424,
279,11,car,12.7,5.209,
279,14,truck,13.7,6.382,
279,18,car,16.6,7.808,
279,20,car,31.2,13.821,
279,22,truck,17.6,8.032,
279,26,car,37.3,16.034,
279,29,car,21.1,7.979,
279,34,car,35.2,14.971,
279,38,car,20.8,10.427,
280,2,car,5.0,1.659,
280,11,car,12.2,4.601,
280,14,truck,13.4,5.699,
280,18,car,16.2,7.599,
280,20,car,31.3,14.657,
280,22,truck,17.8,8.042,
280,26,car,37.3,16.769,
280,29,car,20.7,10.777,
280,34,car,35.3,16.813,
280,38,car,22.7,14.122,
281,2,car,5.0,2.467,
281,11,car,11.6,4.261,
281,14,truck,13.0,5.334,
281,18,car,15.8,6.629,
281,20,car,31.5,14.395,
281,22,truck,18.0,7.554,
281,26,car,37.3,16.453,
281,29,car,20.8,9.363,
281,34,car,35.1,15.624,
281,38,car,24.9,14.751,
282,2,car,5.1,2.823,
282,11,car,11.1,4.368,
282,14,truck,12.8,5.402,
282,18,car,15.5,6.286,
282,20,car,31.2,13.349,
282,22,truck,17.8,7.42,
282,26,car,37.2,16.496,
282,29,car,20.9,8.355,
282,34,car,35.5,16.071,
282,38,car,27.7,18.131,
283,2,car,5.3,2.635,
283,11,car,10.9,4.88,
283,14,truck,12.4,4.321,
283,18,car,15.5,6.654,
283,20,car,31.4,13.91,
283,22,truck,17.0,6.331,
283,26,car,37.0,16.523,
283,29,car,20.3,8.706,
283,34,car,35.6,16.106,
283,38,car,30.8,18.627,
283,39,car,9.9,5.306,
284,2,car,5.3,2.682,
284,11,car,11.1,5.766,
284,14,truck,12.3,5.575,
284,18,car,16.4,8.57,
284,20,car,32.0,15.727,
284,22,truck,17.2,8.985,
284,26,car,36.9,16.539,
284,29,car,20.3,9.986,
284,34,car,35.2,14.442,
284,38,car,34.0,20.284,
284,39,car,10.2,5.195,
285,2,car,5.5,2.549,
285,11,car,10.6,4.198,
285,14,truck,12.0,4.939,
285,18,car,16.2,7.171,
285,20,car,31.7,13.211,
285,22,truck,17.1,7.04,
285,26,car,36.7,15.932,
285,29,car,20.5,9.071,
285,34,car,35.4,16.849,
285,38,car,36.9,18.982,
285,39,car,10.3,4.969,
286,2,car,5.7,2.944,
286,11,car,10.6,4.981,
286,14,truck,11.9,5.953,
286,18,car,15.6,6.035,
286,20,car,31.8,14.397,
286,22,truck,16.7,6.783,
286,26,car,36.8,16.448,
286,29,car,20.6,8.213,
286,34,car,35.7,15.892,
286,38,car,39.7,19.303,
286,39,car,10.6,5.053,
287,2,car,5.8,2.002,
287,11,car,10.1,3.223,
287,14,truck,11.6,4.921,
287,18,car,15.5,7.084,
287,20,car,31.7,14.311,
287,22,truck,16.0,6.017,
287,26,car,36.4,15.559,
287,29,car,20.0,8.899,
287,34,car,35.3,15.517,
287,38,car,41.2,18.875,
287,39,car,10.5,3.954,
288,2,car,5.9,2.937,
288,11,car,10.1,4.086,
288,14,truck,11.3,4.185,
288,18,car,16.0,8.338,
288,20,car,31.8,14.673,
288,22,truck,16.2,8.224,
288,26,car,36.5,16.646,
288,29,car,20.1,9.728,
288,34,car,35.4,15.818,
288,38,car,42.7,19.334,
288,39,car,10.5,4.912,
289,2,car,5.7,1.952,
289,11,car,10.1,4.618,
289,14,truck,11.3,5.517,
289,18,car,16.3,7.246,
289,20,car,32.0,13.849,
289,22,truck,16.2,7.435,
289,26,car,36.4,16.179,
289,29,car,20.0,8.136,
289,34,car,35.5,16.566,
289,38,car,42.8,18.536,
289,39,car,10.5,3.334,
290,2,car,5.3,1.372,
290,11,car,10.1,4.633,
290,14,truck,11.4,4.492,
290,18,car,16.2,6.174,
290,20,car,31.8,13.382,
290,22,truck,16.4,6.77,
290,26,car,36.1,15.685,
290,29,car,19.7,7.605,
290,34,car,35.3,15.347,
290,38,car,43.0,19.195,
290,39,car,10.4,5.183,
291,2,car,5.0,1.86,
291,11,car,9.5,3.952,
291,14,truck,11.2,5.172,
291,18,car,15.9,7.765,
291,20,car,31.5,14.859,
291,22,truck,15.7,6.768,
291,26,car,36.0,16.302,
291,29,car,20.0,10.965,
291,34,car,35.9,16.216,
291,38,car,42.9,19.909,
291,39,car,10.2,4.554,
292,2,car,5.0,2.43,
292,11,car,9.7,4.873,
292,14,truck,11.1,4.516,
292,18,car,16.0,7.514,
292,20,car,32.0,14.704,
292,22,car,16.1,8.413,
292,26,car,36.3,16.693,
292,29,car,20.0,9.063,
292,34,car,35.5,15.711,
292,38,car,43.0,19.328,
292,39,car,10.3,5.118,
293,2,car,4.8,2.369,
293,11,car,9.9,5.665,
293,14,truck,10.5,3.957,
293,18,car,16.6,7.812,
293,20,car,32.0,14.448,
293,22,car,16.1,6.772,
293,26,car,35.9,15.228,
293,29,car,19.8,7.719,
293,34,car,35.5,15.81,
293,38,car,43.1,19.672,
293,39,car,10.0,4.377,
294,2,car,4.7,1.935,
294,11,car,10.8,5.942,
294,14,truck,10.3,4.248,
294,18,car,16.6,6.969,
294,20,car,32.1,14.468,
294,22,car,16.6,7.521,
294,26,car,36.3,16.767,
294,29,car,19.6,7.974,
294,34,car,35.8,16.481,
294,38,car,43.1,18.856,
294,39,car,10.4,5.033,
295,2,car,4.6,2.518,
295,11,car,10.7,3.872,
295,14,car,11.0,6.533,
295,18,car,16.2,7.162,
295,20,car,32.1,14.831,
295,22,truck,15.7,5.57,
295,26,car,35.9,15.338,
295,29,car,19.4,9.37,
295,34,car,35.7,15.544,
295,38,car,42.6,17.776,
295,39,car,10.0,3.837,
296,2,car,4.9,2.708,
296,11,car,10.1,2.625,
296,14,car,11.3,6.5,
296,18,car,16.1,7.049,
296,20,car,32.3,14.432,
296,22,truck,15.3,6.187,
296,26,car,36.1,16.844,
296,29,car,19.8,9.369,
296,34,car,35.7,16.636,
296,38,car,43.0,19.687,
296,39,car,10.8,5.667,
297,2,car,5.3,2.83,
297,11,car,9.4,2.588,
297,14,car,11.3,4.57,
297,18,car,16.6,7.793,
297,20,car,32.7,14.506,
297,22,truck,15.3,6.669,
297,26,car,36.0,15.547,
297,29,car,20.0,8.192,
297,34,car,35.8,15.547,
297,38,car,43.0,19.275,
297,39,car,11.0,5.772,
298,2,car,5.5,2.432,
298,11,car,9.1,2.775,
298,14,truck,11.0,3.991,
298,18,car,16.3,6.659,
298,20,car,32.5,14.428,zone_1:exit
298,22,truck,15.4,7.079,
298,26,car,35.8,15.652,
298,29,car,19.2,8.427,
298,34,car,35.6,15.784,
298,38,car,42.9,19.641,
298,39,car,11.2,5.259,
299,2,car,5.5,2.397,
299,11,car,8.9,4.481,
299,14,truck,11.0,4.702,
299,18,car,16.3,7.458,
299,20,car,32.5,14.63,
299,22,truck,14.7,6.189,
299,26,car,35.4,15.331,
299,29,car,19.1,8.779,
299,34,car,35.8,16.276,
299,38,car,42.9,19.203,
299,39,car,12.3,8.592,
300,2,car,5.4,2.061,
300,11,car,8.8,5.272,
300,14,truck,11.1,4.347,
300,18,car,16.1,7.416,
300,20,car,32.7,15.014,
300,22,truck,14.4,5.873,
300,26,car,35.7,16.233,
300,29,car,19.6,9.063,
300,34,car,35.9,16.214,
300,38,car,42.9,19.864,
300,39,car,13.8,9.044,
301,2,car,5.5,2.382,
301,11,car,9.0,6.671,
301,14,truck,11.2,4.433,
301,18,car,15.8,5.991,
301,20,car,32.6,14.098,
301,22,truck,13.8,5.59,
301,26,car,35.4,15.954,
301,29,car,19.4,7.577,
301,34,car,35.7,15.818,
301,38,car,42.5,17.48,
301,39,car,15.2,9.371,
302,2,car,5.4,2.228,
302,11,car,9.4,5.129,
302,14,truck,10.1,2.935,
302,18,car,15.8,7.113,
302,20,car,32.9,15.788,
302,22,truck,14.0,6.13,
302,26,car,35.6,15.883,
302,29,car,19.1,8.247,
302,34,car,35.9,16.002,
302,38,car,42.6,18.252,
302,39,car,16.4,7.692,
303,2,car,5.2,1.913,
303,11,car,9.3,2.325,
303,14,truck,9.7,5.456,
303,18,car,15.9,7.455,
303,20,car,33.0,14.837,
303,22,truck,14.5,7.728,
303,26,car,35.4,16.18,
303,29,car,18.6,8.057,
303,34,car,35.8,16.477,
303,38,car,42.6,19.724,
303,39,car,18.0,10.61,
304,2,car,5.2,2.819,
304,11,car,9.2,2.225,
304,14,car,10.3,6.324,
304,18,car,15.3,5.89,
304,20,car,33.5,16.031,
304,22,truck,14.4,6.383,
304,26,car,35.2,14.984,
304,29,car,18.5,7.595,
304,34,car,35.8,15.534,
304,38,car,42.2,17.978,
304,39,car,19.0,8.885,
305,2,car,5.1,2.128,
305,11,car,9.2,2.831,
305,14,truck,10.4,4.256,
305,18,car,15.4,6.808,
305,20,car,33.4,14.001,
305,22,truck,14.0,5.797,
305,26,car,35.7,17.08,
305,29,car,18.7,9.153,
305,34,car,36.0,16.382,
305,38,car,42.5,20.474,
305,39,car,20.6,10.121,
306,2,car,5.1,2.569,
306,11,car,8.7,2.69,
306,14,truck,10.3,4.38,
306,18,car,15.3,7.354,
306,20,car,33.3,14.373,
306,22,truck,13.5,4.691,
306,26,car,35.6,15.009,
306,29,car,18.5,8.234,
306,34,car,35.7,15.231,
306,38,car,42.2,18.422,
306,39,car,20.1,7.064,
307,2,car,5.1,1.799,
307,11,car,7.6,1.916,
307,14,truck,10.2,4.011,
307,18,car,15.2,7.092,
307,20,car,33.4,15.264,
307,22,truck,13.2,5.061,
307,26,car,35.5,16.087,
307,29,car,18.4,8.571,
307,34,car,35.6,15.967,
307,38,car,41.8,18.404,
307,39,car,20.4,9.952,
308,2,car,4.8,1.698,
308,11,car,6.0,1.744,
308,14,car,10.3,4.906,
308,18,car,15.1,5.637,
308,20,car,33.7,15.199,
308,22,truck,13.4,6.088,
308,26,car,35.4,15.663,
308,29,car,18.5,8.112,
308,34,car,35.8,16.353,
308,38,car,42.1,18.545,
308,39,car,20.4,9.37,
309,2,car,4.7,1.715,
309,11,car,5.2,2.661,
309,14,car,10.8,4.45,
309,18,car,15.5,8.164,
309,20,car,33.4,14.85,
309,22,truck,13.5,6.502,
309,26,car,35.4,15.91,
309,29,car,18.2,7.231,
309,34,car,35.7,15.794,
309,38,car,42.1,18.279,
309,39,car,20.8,9.209,
309,41,truck,18.3,5.213,
310,2,car,4.7,2.032,
310,11,car,5.3,2.436,
310,14,truck,10.1,3.427,
310,18,car,15.1,6.215,
310,20,car,33.6,15.318,
310,22,truck,12.8,5.566,
310,26,car,35.1,15.044,
310,29,car,18.3,8.391,
310,34,car,35.9,17.013,
310,38,car,41.8,18.552,
310,39,car,20.1,8.186,
310,41,truck,16.7,5.371,
311,2,car,4.5,2.01,
311,11,car,5.7,3.655,
311,14,car,10.1,6.12,
311,18,car,16.4,10.034,
311,20,car,33.5,15.947,
311,22,truck,12.5,5.555,
311,26,car,35.3,15.773,
311,29,car,18.7,8.749,
311,34,car,36.1,16.181,zone_1:enter
311,38,car,41.9,18.534,
311,39,car,20.1,9.064,
311,41,truck,15.8,5.371,
312,2,car,4.7,2.989,
312,11,car,5.3,1.567,
312,14,car,10.0,4.07,
312,18,car,16.4,6.747,
312,20,car,34.3,16.309,
312,22,truck,12.3,5.115,
312,26,car,34.7,15.151,
312,29,car,18.3,8.014,
312,34,car,35.9,15.792,
312,38,car,41.4,18.819,
312,39,car,20.1,10.048,
312,41,truck,15.1,5.213,
313,2,car,4.7,2.36,
313,11,car,5.3,2.565,
313,14,truck,9.9,3.859,
313,18,car,15.9,5.814,
313,20,car,34.5,15.071,
313,22,truck,12.5,5.07,
313,26,car,35.0,15.935,
313,29,car,18.0,7.226,
313,34,car,36.0,15.485,
313,38,car,41.3,18.13,
313,39,car,20.6,8.514,
313,40,truck,3.6,7.202,
313,41,truck,14.7,5.371,
314,2,car,4.9,2.434,
314,11,car,6.0,4.236,
314,14,truck,10.2,5.098,
314,18,car,15.3,5.4,
314,20,car,34.9,16.622,
314,22,truck,12.2,4.343,
314,26,car,34.8,15.438,
314,29,car,17.7,7.591,
314,34,car,36.0,16.122,
314,38,car,41.9,20.107,
314,39,car,19.9,7.812,
314,40,truck,3.7,1.039,
314,41,truck,11.9,5.371,
315,2,car,5.2,2.714,
315,11,car,6.2,2.372,
315,14,truck,10.0,4.248,
315,18,car,15.6,6.512,
315,20,car,34.4,13.39,
315,22,truck,12.0,5.268,
315,26,car,34.7,15.3,
315,29,car,17.6,7.838,
315,34,car,35.7,15.46,
315,38,car,41.5,17.583,
315,39,car,19.7,8.878,
315,40,truck,3.8,1.177,
315,41,truck,11.9,5.213,
316,2,car,5.4,2.415,
316,11,car,6.0,1.849,
316,14,car,10.8,7.034,
316,18,car,15.5,7.747,
316,20,car,34.2,14.438,
316,22,truck,12.0,6.493,
316,26,car,34.7,15.972,
316,29,car,17.9,8.36,
316,34,car,35.9,16.417,
316,38,car,41.8,19.03,
316,39,car,20.1,10.255,
316,40,truck,4.0,1.1,
316,41,truck,11.9,5.371,
317,2,car,5.5,2.203,
317,11,car,5.9,2.067,
317,14,truck,10.4,2.006,
317,18,car,15.4,5.986,
317,20,car,34.8,17.172,
317,22,truck,11.8,4.967,
317,26,car,34.8,15.237,
317,29,car,17.0,5.292,
317,34,car,35.6,15.809,
317,38,car,41.5,17.626,
317,39,car,20.1,8.43,
317,40,truck,3.9,0.239,
317,41,truck,11.9,5.213,
318,2,car,5.5,2.215,
318,11,car,5.5,2.532,
318,14,car,10.6,6.834,
318,18,car,14.2,6.178,
318,20,car,34.1,13.582,
318,22,truck,11.6,4.909,
318,26,car,35.1,16.852,
318,29,car,16.8,8.195,
318,34,car,35.3,15.396,
318,38,car,41.6,18.859,
318,39,car,20.0,8.602,
318,40,truck,3.7,0.246,
318,41,truck,11.9,5.371,
319,2,car,5.3,2.148,
319,11,car,5.5,1.735,
319,14,car,10.6,4.128,
319,18,car,14.2,6.665,
319,20,car,33.9,15.963,
319,22,truck,11.6,5.313,
319,26,car,35.3,15.686,
319,29,car,16.8,8.136,
319,34,car,35.5,16.498,
319,38,car,41.6,18.819,
319,39,car,19.5,8.388,
319,40,truck,3.8,0.917,
319,41,truck,11.9,5.371,
320,2,car,5.1,1.916,
320,11,car,5.2,1.561,
320,14,truck,10.1,2.234,
320,18,car,14.1,5.577,
320,20,car,33.9,14.819,
320,22,truck,11.6,5.006,
320,26,car,35.1,15.363,zone_1:exit
320,29,car,17.1,8.031,
320,34,car,35.5,15.315,
320,38,car,41.6,18.033,
320,39,car,19.8,9.572,
320,40,truck,1.6,0.276,
320,41,truck,11.9,5.213,
321,2,car,4.9,1.724,
321,11,car,4.4,1.653,
321,14,truck,9.7,3.785,
321,18,car,14.5,6.611,
321,20,car,33.6,15.63,
321,22,truck,12.2,6.225,
321,26,car,35.3,15.951,
321,29,car,17.1,7.52,
321,34,car,35.7,16.685,
321,38,car,40.9,18.004,
321,39,car,19.8,7.754,
321,40,truck,1.6,0.925,
321,41,truck,18.1,24.999,
322,2,car,4.7,2.175,
322,11,car,4.0,1.028,
322,14,truck,10.0,5.296,
322,18,car,15.2,8.911,
322,20,car,34.4,16.194,
322,22,truck,12.2,5.26,
322,26,car,35.3,15.534,
322,29,car,16.6,6.482,
322,34,car,35.8,15.998,
322,38,car,41.0,17.959,
322,39,car,19.9,9.21,
322,40,truck,1.7,1.575,
322,41,truck,18.6,6.683,
323,2,car,4.5,1.685,
323,11,car,4.2,2.51,
323,14,truck,8.7,2.822,
323,18,car,14.7,5.958,
323,20,car,34.8,15.421,
323,22,truck,11.6,4.532,
323,26,car,35.1,15.156,
323,29,car,16.4,7.567,
323,34,car,35.6,15.623,
323,38,car,40.9,18.568,
323,39,car,19.3,8.515,
323,40,truck,1.7,1.232,
323,41,truck,19.0,6.486,
324,2,car,4.3,1.706,
324,11,car,4.4,2.85,
324,14,truck,8.9,2.874,
324,18,car,14.5,5.609,
324,20,car,34.3,15.608,
324,22,truck,11.4,4.495,
324,26,car,35.6,16.711,
324,29,car,17.0,7.198,
324,34,car,35.6,15.863,
324,38,car,41.4,19.204,
324,39,car,19.6,9.316,
324,40,truck,1.8,0.492,
324,41,truck,19.4,6.683,
325,2,car,4.3,2.133,
325,11,car,4.7,3.384,
325,14,truck,7.8,3.297,
325,18,car,14.1,4.687,
325,20,car,34.8,15.203,
325,22,truck,11.0,3.485,
325,26,car,35.0,15.208,
325,29,car,17.0,8.247,
325,34,car,35.8,15.993,
325,38,car,41.1,17.954,
325,39,car,19.4,7.859,
325,40,truck,1.7,0.019,
325,41,truck,19.9,6.683,
326,2,car,4.2,1.68,
326,11,car,5.0,2.737,
326,14,truck,8.1,4.922,
326,18,car,13.9,6.077,
326,20,car,34.9,16.452,
326,22,truck,10.8,4.941,
326,26,car,35.2,16.197,
326,29,car,16.6,6.8,
326,34,car,35.5,15.7,
326,38,car,40.6,17.351,zone_1:enter
326,39,car,19.5,8.81,
326,40,truck,1.4,0.019,
326,41,truck,20.2,6.486,
327,2,car,4.4,2.747,
327,11,car,5.3,2.32,
327,14,truck,8.9,4.723,
327,18,car,14.1,6.151,
327,20,car,35.4,16.21,
327,22,truck,10.4,3.655,
327,26,car,35.0,14.814,
327,29,car,15.9,5.928,
327,34,car,35.8,16.079,
327,38,car,40.7,18.458,
327,39,car,19.0,8.028,
327,40,truck,1.4,0.019,
327,41,truck,20.7,6.683,
327,42,car,12.6,4.709,
328,2,car,4.7,2.702,
328,11,car,5.4,1.951,
328,14,truck,8.8,3.559,
328,18,car,13.8,5.673,
328,20,car,35.3,15.315,
328,22,truck,10.6,6.644,
328,26,car,35.1,16.194,
328,29,car,15.6,6.527,
328,34,car,35.5,15.896,
328,38,car,40.4,16.914,
328,39,car,19.4,8.85,
328,40,truck,1.9,2.66,
328,41,truck,14.8,6.486,
328,42,car,12.1,4.571,
329,2,car,4.7,2.123,
329,11,car,5.5,1.574,
329,14,truck,8.6,4.734,
329,18,car,13.1,6.9,
329,20,car,35.0,15.417,
329,22,truck,10.4,4.805,
329,26,car,34.8,14.601,
329,29,car,15.7,6.875,
329,34,car,35.6,16.3,
329,38,car,40.6,18.598,
329,39,car,18.8,7.459,
329,40,truck,1.5,0.24,
329,41,truck,14.8,6.683,
329,42,car,11.9,4.709,
330,2,car,4.9,2.356,
330,11,car,5.3,1.685,
330,14,truck,9.4,5.158,
330,18,car,13.0,5.487,
330,20,car,34.9,15.131,
330,22,truck,10.3,4.301,
330,26,car,35.3,16.837,
330,29,car,15.8,7.877,
330,34,car,35.7,15.939,
330,38,car,40.5,18.397,
330,39,car,18.9,8.764,
330,40,truck,1.2,0.24,
330,41,truck,14.8,6.683,
330,42,car,11.7,4.709,
330,44,car,16.3,7.786,
331,2,car,5.0,2.016,
331,11,car,4.9,1.8,
331,14,truck,9.9,4.541,
331,18,car,12.9,5.495,
331,20,car,35.3,16.882,
331,22,truck,10.3,4.529,
331,26,car,34.7,14.882,
331,29,car,15.4,6.085,
331,34,car,35.6,15.626,
331,38,car,39.8,16.846,
331,39,car,18.5,8.083,
331,40,truck,1.1,0.233,
331,41,truck,14.8,6.486,
331,42,car,11.2,4.571,
331,44,car,16.3,7.307,
332,2,car,5.0,2.165,
332,11,car,4.2,1.235,
332,14,truck,9.9,3.426,
332,18,car,13.7,7.017,
332,20,car,35.3,15.142,
332,22,truck,10.5,3.982,
332,26,car,35.0,16.024,
332,29,car,14.6,5.549,
332,34,car,35.6,15.895,
332,38,car,39.7,17.621,
332,39,car,18.8,8.804,
332,40,truck,1.2,0.24,
332,41,truck,14.8,6.683,
332,42,car,10.4,4.709,
332,44,car,16.2,6.98,
333,2,car,5.1,1.893,
333,11,car,3.8,1.315,
333,14,truck,9.6,4.011,
333,18,car,14.0,7.009,
333,20,car,34.8,14.918,
333,22,truck,10.3,4.331,
333,26,car,34.7,15.381,
333,29,car,14.6,6.853,
333,34,car,35.9,16.702,
333,38,car,39.9,17.946,
333,39,car,18.4,7.606,
333,40,truck,1.2,0.24,
333,41,truck,14.8,6.683,
333,42,car,10.4,4.709,
333,44,car,16.0,6.727,
334,2,car,4.9,2.116,
334,11,car,3.5,1.374,
334,14,truck,9.8,5.152,
334,18,car,13.7,5.394,
334,20,car,34.5,15.037,
334,22,truck,10.5,4.275,
334,26,car,35.0,15.666,
334,29,car,14.8,6.499,
334,34,car,35.7,15.378,
334,38,car,39.6,17.452,
334,39,car,18.7,8.844,
334,40,truck,1.3,0.233,
334,41,truck,14.8,6.486,
334,42,car,10.4,4.571,
334,44,car,16.2,7.729,
335,2,car,4.5,1.463,
335,11,car,3.1,0.596,
335,14,truck,9.9,4.017,
335,18,car,13.7,5.483,
335,20,car,34.6,15.892,
335,22,truck,10.2,5.557,
335,26,car,35.1,16.31,
335,29,car,15.0,7.351,
335,34,car,36.0,16.69,
335,38,car,39.8,17.65,
335,39,car,18.3,7.729,
335,40,truck,0.5,0.24,
335,41,truck,14.8,6.683,
335,42,car,10.4,4.709,
335,44,car,18.7,14.416,
336,2,car,4.4,1.711,
336,11,car,2.7,0.555,
336,14,truck,9.3,2.954,
336,18,car,12.8,4.316,
336,20,car,35.0,16.39,
336,22,truck,10.1,4.719,
336,26,car,35.4,15.777,
336,29,car,14.9,6.4,
336,34,car,35.8,15.743,
336,38,car,39.5,17.637,
336,39,car,18.7,8.734,
336,40,truck,0.5,0.24,
336,41,truck,14.8,6.683,
336,42,car,10.4,4.709,
336,44,car,21.5,16.389,
337,2,car,4.1,1.442,
337,11,car,2.5,1.064,
337,14,truck,8.7,3.275,
337,18,car,12.7,4.929,
337,20,car,35.0,15.147,
337,22,truck,10.0,3.994,
337,26,car,35.1,15.786,
337,29,car,14.0,4.962,
337,34,car,36.0,16.5,
337,38,car,39.3,17.801,
337,39,car,18.1,7.003,
337,40,truck,0.5,0.233,
337,42,car,10.4,4.571,
337,44,truck,19.9,2.86,
338,2,car,4.1,2.187,
338,11,car,2.2,0.869,
338,14,truck,8.8,4.607,
338,18,car,12.5,4.868,
338,20,car,34.9,16.818,
338,22,truck,9.9,4.136,
338,26,car,35.4,15.861,
338,29,car,14.1,6.455,
338,34,car,36.1,16.12,
338,38,car,39.4,17.074,
338,39,car,17.9,7.23,
338,40,truck,3.3,8.895,
338,42,car,10.4,4.709,
338,44,truck,20.2,8.184,
339,2,car,4.1,2.013,
339,11,car,2.2,1.201,
339,14,truck,8.9,3.682,
339,18,car,13.0,8.658,
339,20,car,34.9,14.921,
339,22,truck,9.8,3.763,
339,26,car,35.2,15.273,
339,29,car,14.3,6.221,
339,34,car,36.3,16.448,
339,38,car,39.4,17.648,
339,39,car,17.8,8.641,
339,40,truck,3.5,0.891,
339,42,car,10.4,4.571,
339,44,truck,21.7,11.724,
340,2,car,4.1,1.893,
340,11,car,2.0,0.635,
340,14,truck,8.5,2.871,
340,18,car,12.8,6.346,
340,20,car,35.6,17.217,
340,22,truck,9.6,3.531,
340,26,car,35.4,16.14,
340,29,car,14.4,7.083,
340,34,car,36.2,16.392,
340,38,car,39.2,17.518,
340,39,car,18.2,8.638,
340,40,truck,3.7,0.806,
340,42,car,10.4,4.709,
340,44,truck,24.1,14.021,
341,2,car,3.8,1.046,
341,11,car,1.7,0.537,
341,14,truck,7.9,3.196,
341,18,car,12.9,5.674,
341,20,car,36.0,16.17,
341,22,truck,9.5,3.922,
341,26,car,35.6,16.297,
341,29,car,14.2,5.848,
341,34,car,36.6,16.563,
341,38,car,39.5,18.139,
341,39,car,17.5,6.862,
341,40,truck,3.8,0.686,
341,44,truck,26.2,14.415,
341,46,truck,23.0,11.458,
342,2,car,3.9,1.931,
342,11,car,1.7,0.605,
342,14,truck,7.8,3.777,
342,18,car,12.4,3.861,
342,20,car,35.9,15.717,
342,22,truck,8.9,3.636,
342,26,car,35.3,15.256,
342,29,car,12.9,3.245,
342,34,car,36.4,16.226,
342,38,car,39.2,16.953,
342,39,car,17.2,6.865,
342,40,truck,4.1,1.163,
342,44,truck,26.8,16.334,
342,46,truck,18.8,2.734,
343,2,car,3.9,1.717,
343,11,car,1.7,0.445,
343,14,truck,8.3,4.525,
343,18,car,12.7,5.414,
343,20,car,36.1,16.95,
343,22,truck,8.6,4.08,
343,26,car,35.7,17.253,
343,29,car,12.8,6.122,
343,34,car,36.8,16.816,
343,38,car,39.9,19.636,
343,39,car,16.9,7.755,
343,40,truck,4.3,0.929,
343,44,truck,26.9,16.581,
343,46,truck,17.2,4.98,
344,2,car,4.3,2.725,
344,11,car,1.5,0.488,
344,14,truck,8.6,4.174,
344,18,car,12.5,4.141,
344,20,car,36.3,15.649,
344,22,truck,9.1,5.253,
344,26,car,35.4,14.823,
344,29,car,13.3,6.622,
344,34,car,36.7,16.265,
344,38,car,39.2,15.819,
344,39,car,17.5,8.817,
344,40,truck,4.5,0.652,
344,44,truck,30.8,15.189,
344,46,truck,16.8,6.647,
345,2,car,4.4,2.529,
345,11,car,1.5,0.64,
345,14,truck,8.2,3.357,
345,18,car,12.0,3.57,
345,20,car,36.6,17.947,
345,22,truck,9.0,3.986,
345,26,car,35.5,16.044,
345,29,car,13.0,5.676,
345,34,car,36.6,15.959,
345,38,car,39.1,16.683,
345,39,car,17.7,7.759,
345,40,truck,1.9,0.743,
345,44,truck,32.8,14.514,
345,46,truck,16.3,5.918,
346,2,car,4.3,1.744,
346,11,car,1.3,0.616,
346,14,truck,8.6,5.123,
346,18,car,11.5,7.046,
346,20,car,36.8,15.526,
346,22,truck,9.1,4.107,
346,26,car,35.5,15.165,
346,29,car,13.1,6.481,
346,34,car,36.8,16.969,
346,38,car,39.0,17.362,
346,39,car,17.1,6.724,
346,40,truck,2.0,1.206,
346,44,truck,34.0,15.255,
346,46,truck,17.8,6.44,
347,2,car,4.4,1.992,
347,11,car,1.2,0.329,
347,14,truck,9.3,4.999,
347,18,car,11.1,5.151,
347,20,car,36.8,17.066,
347,22,truck,9.3,3.98,
347,26,car,36.0,17.857,
347,29,car,12.2,4.218,
347,34,car,37.0,16.887,
347,38,car,39.1,17.816,
347,39,car,16.5,6.926,
347,40,truck,1.9,0.505,
347,44,truck,34.5,15.717,
347,46,truck,14.3,6.44,
348,2,car,4.8,2.23,
348,11,car,1.3,0.972,
348,14,truck,9.6,4.154,
348,18,car,10.8,4.474,
348,20,car,36.1,14.203,
348,22,truck,9.3,4.129,
348,26,car,35.3,14.005,
348,29,car,12.1,5.516,
348,34,car,36.8,15.999,
348,38,car,38.6,16.52,
348,39,car,16.8,7.649,
348,40,truck,1.7,0.161,
348,44,truck,34.6,14.598,
348,46,truck,12.6,6.251,
349,2,car,4.9,2.303,
349,11,car,1.5,1.29,
349,14,truck,9.3,2.865,
349,18,car,11.1,5.017,
349,20,car,36.6,17.107,
349,22,truck,9.2,3.279,
349,26,car,35.8,16.846,
349,29,car,12.7,5.217,
349,34,car,37.1,17.166,
349,38,car,38.9,17.808,
349,39,car,17.2,8.082,
349,40,truck,1.5,0.538,
349,44,truck,34.0,14.488,
349,46,truck,13.8,6.44,
350,2,car,4.6,1.019,
350,11,car,1.8,1.228,
350,14,truck,9.0,3.566,
350,18,car,10.8,4.424,
350,20,car,35.8,14.593,
350,22,truck,8.9,3.026,
350,26,car,35.1,14.953,
350,29,car,12.6,5.696,
350,34,car,36.9,16.092,
350,38,car,38.1,17.217,
350,39,car,16.8,6.625,
350,40,truck,1.5,0.845,
350,44,truck,32.9,13.333,
350,46,truck,14.2,6.251,
350,47,car,8.4,3.588,
351,2,car,4.6,2.585,
351,11,car,1.8,0.518,
351,14,car,9.5,5.558,
351,18,car,10.7,3.771,
351,20,car,36.5,17.729,
351,22,truck,8.3,3.583,
351,26,car,35.7,16.839,
351,29,car,12.2,5.484,
351,34,car,37.0,16.603,
351,38,car,38.6,17.394,
351,39,car,16.1,6.688,
351,40,truck,1.7,1.206,
351,44,truck,33.4,16.583,
351,46,truck,14.1,6.44,
351,47,car,8.9,5.301,
352,2,car,4.3,1.56,
352,11,car,1.8,0.68,
352,14,truck,9.3,2.868,
352,18,car,11.7,6.617,
352,20,car,34.5,11.786,
352,22,truck,8.6,4.687,
352,26,car,35.6,15.707,
352,29,car,12.3,5.902,
352,34,car,37.2,16.652,
352,38,car,38.6,16.757,
352,39,car,16.3,8.422,
352,40,truck,2.0,1.69,
352,44,truck,33.7,15.536,
352,46,truck,14.3,6.44,
352,47,car,9.4,4.81,
353,2,car,4.3,1.878,
353,11,car,1.8,0.712,
353,14,truck,8.5,2.48,
353,18,car,10.9,4.677,
353,20,car,32.8,10.277,
353,22,truck,8.7,4.486,
353,26,car,35.7,15.394,
353,29,car,11.8,4.981,
353,34,car,37.0,16.517,
353,38,car,38.5,17.097,
353,39,car,16.5,7.354,
353,40,truck,1.9,0.86,
353,44,truck,33.7,15.33,
353,46,truck,14.2,6.251,
353,47,car,9.8,4.081,
354,2,car,4.1,1.298,
354,11,car,2.1,1.144,
354,14,truck,8.0,3.546,
354,18,car,10.8,4.812,
354,20,car,29.9,7.812,
354,22,truck,8.7,4.077,
354,26,car,35.1,16.129,
354,29,car,11.9,4.594,
354,34,car,37.2,17.428,
354,38,car,38.4,17.252,
354,39,car,16.6,7.188,
354,40,truck,1.9,0.611,
354,44,truck,33.5,14.945,
354,46,truck,14.2,6.44,
354,47,car,9.3,3.887,
355,2,car,3.9,1.517,
355,11,car,2.1,1.121,
355,14,truck,7.9,3.743,
355,18,car,10.9,4.695,
355,20,car,28.9,11.124,
355,22,truck,8.5,3.406,
355,26,car,36.2,17.354,
355,29,car,11.6,4.313,
355,34,car,37.6,17.24,
355,38,car,38.8,17.864,
355,39,car,16.2,6.256,
355,40,truck,2.6,2.371,
355,44,truck,33.8,15.635,
355,46,truck,14.3,6.44,
355,47,car,9.8,3.87,
356,2,car,3.7,1.802,
356,11,car,2.1,1.086,
356,14,truck,8.1,3.627,
356,18,car,11.0,5.295,
356,20,car,25.0,4.935,
356,22,truck,8.5,3.471,
356,26,car,35.6,15.058,
356,29,car,11.6,5.209,
356,34,car,37.2,16.008,
356,38,car,38.2,16.011,
356,39,car,15.8,6.962,
356,40,truck,3.9,4.505,
356,44,truck,34.0,14.974,
356,46,truck,14.2,6.251,
356,47,car,9.5,4.198,
356,48,truck,9.0,3.461,
357,2,car,4.2,2.592,
357,11,car,2.0,0.891,
357,14,truck,7.9,2.796,
357,18,car,11.0,4.465,
357,20,car,22.6,7.122,
357,22,truck,8.9,4.296,
357,26,car,36.4,17.28,
357,29,car,11.3,4.996,
357,34,car,37.7,17.506,
357,38,car,38.4,17.734,
357,39,car,16.0,7.09,
357,40,truck,4.4,2.642,
357,44,truck,34.5,15.019,
357,46,truck,14.3,6.44,
357,47,car,9.6,3.781,
357,48,truck,8.9,3.566,
358,2,car,4.0,1.764,
358,11,car,2.1,1.066,
358,14,car,7.6,4.645,
358,18,car,11.0,3.785,
358,20,car,19.5,8.119,
358,22,truck,8.9,3.432,
358,26,car,36.1,16.171,
358,29,car,11.2,4.979,
358,34,car,37.8,16.912,
358,38,car,38.4,17.39,
358,39,car,16.2,7.549,
358,40,truck,4.6,1.698,
358,44,truck,34.0,14.916,
358,46,truck,14.3,6.44,
358,47,car,9.1,3.793,
358,48,truck,7.9,3.566,
359,2,car,3.9,1.299,
359,11,car,2.2,0.92,
359,14,car,8.2,4.785,
359,18,car,10.0,3.593,
359,20,car,18.6,8.662,
359,22,truck,8.5,3.374,
359,26,car,36.3,16.137,
359,29,car,10.8,4.841,
359,34,car,37.8,16.695,zone_1:exit
359,38,car,38.3,16.634,
359,39,car,15.9,7.258,
359,40,truck,4.2,0.578,
359,44,truck,33.7,14.661,
359,46,truck,14.2,6.251,
359,47,car,8.9,4.309,
359,48,truck,7.9,3.461,
360,2,car,4.0,2.188,
360,11,car,2.3,0.83,
360,14,car,8.7,4.032,
360,18,car,10.1,5.058,
360,20,car,18.0,8.405,
360,22,truck,7.9,2.66,
360,26,car,36.6,16.428,
360,29,car,10.8,4.939,
360,34,car,37.8,16.347,
360,38,car,38.3,16.861,
360,39,car,15.4,5.75,
360,40,truck,4.2,0.739,
360,44,truck,34.1,16.547,
360,46,truck,14.3,6.44,
360,47,car,9.3,5.186,
360,48,truck,7.9,3.566,
361,2,car,4.0,1.313,
361,11,car,2.0,0.41,
361,14,car,8.8,3.95,
361,18,car,9.8,3.755,
361,20,car,16.9,4.547,
361,22,truck,8.0,4.354,
361,26,car,36.2,15.004,
361,29,car,10.7,4.331,
361,34,car,37.6,17.045,
361,38,car,37.9,16.173,
361,39,car,15.2,6.564,
361,40,truck,4.7,2.292,
361,44,truck,34.1,14.804,
361,47,car,9.4,4.269,
361,48,truck,7.9,3.461,
362,2,car,4.5,3.055,
362,11,car,2.0,0.96,
362,14,car,8.6,3.039,
362,18,car,9.5,3.678,
362,20,car,16.7,10.429,
362,22,truck,8.1,3.74,
362,26,car,36.1,16.833,
362,29,car,10.5,3.527,
362,34,car,37.6,17.06,
362,38,car,37.9,17.753,
362,39,car,15.3,6.687,
362,40,truck,4.8,2.445,
362,44,truck,34.2,16.005,
362,47,car,9.1,2.864,
362,48,truck,7.9,3.566,
363,2,car,4.4,1.581,
363,11,car,2.3,2.234,
363,14,car,8.3,2.602,
363,18,car,8.9,3.387,
363,20,car,18.4,10.429,
363,22,truck,8.0,3.047,
363,26,car,36.5,16.435,
363,29,car,10.2,4.318,
363,34,car,38.0,17.477,
363,38,car,38.2,17.136,
363,39,car,15.4,7.142,
363,40,truck,4.0,2.054,
363,44,truck,34.2,15.195,
363,47,car,8.7,3.085,
363,48,truck,7.9,3.566,
364,2,car,4.0,1.357,
364,11,car,2.6,1.577,
364,14,car,8.3,2.895,
364,18,car,8.6,3.521,
364,20,car,19.4,10.122,
364,22,truck,7.5,2.796,
364,26,car,36.2,16.33,
364,29,car,10.0,4.502,
364,34,car,37.9,16.914,
364,38,car,37.9,16.653,
364,39,car,15.1,6.213,
364,40,truck,3.3,0.606,
364,44,truck,34.2,14.9,
364,47,car,9.6,6.524,
364,48,truck,7.9,3.461,
365,2,car,3.8,1.232,
365,11,car,2.4,0.48,
365,14,car,7.9,3.567,
365,18,car,8.3,3.096,
365,20,car,20.1,10.429,
365,22,truck,7.4,3.091,
365,26,car,36.2,16.161,
365,29,car,9.9,4.666,
365,34,car,38.1,17.57,
365,38,car,37.9,17.384,
365,39,car,14.5,5.693,
365,40,truck,3.0,0.624,
365,44,truck,34.4,15.431,
365,47,car,10.1,5.314,
365,48,truck,7.9,3.566,
366,2,car,4.2,2.268,
366,11,car,2.2,0.461,
366,14,car,7.5,3.536,
366,18,car,8.5,4.062,
366,20,car,20.7,10.429,
366,22,truck,7.5,3.782,
366,26,car,36.6,17.218,
366,29,car,9.9,4.691,
366,34,car,38.0,16.482,
366,38,car,38.1,17.196,
366,39,car,14.3,6.624,
366,40,truck,4.7,5.882,
366,44,truck,34.6,15.309,
366,47,car,10.3,4.947,
366,48,truck,7.9,3.566,
367,2,car,4.2,2.278,
367,11,car,2.2,0.636,
367,14,car,7.6,4.09,
367,18,car,7.9,3.343,
367,20,car,21.3,10.122,
367,22,truck,7.6,3.048,
367,26,car,36.2,15.189,
367,29,car,9.8,4.629,
367,34,car,38.2,17.144,
367,38,car,38.0,16.597,
367,39,car,14.6,6.645,
367,40,truck,4.9,1.548,
367,44,truck,33.9,14.54,
367,47,car,10.6,6.313,
368,2,car,4.1,0.975,
368,11,car,2.4,1.308,
368,14,car,7.7,4.324,
368,18,car,8.1,4.244,
368,20,car,23.1,10.429,
368,22,truck,7.5,3.822,
368,26,car,36.8,16.979,
368,29,car,9.6,3.841,
368,34,car,38.5,17.786,
368,38,car,38.5,17.641,
368,39,car,14.6,6.811,
368,40,truck,4.3,0.218,
368,44,truck,33.9,14.727,
368,47,car,11.4,6.688,
369,2,car,3.8,2.067,
369,11,car,2.3,0.381,
369,14,truck,7.2,1.579,
369,18,car,8.3,4.233,
369,20,car,23.1,10.429,
369,22,truck,7.1,2.645,
369,26,car,37.1,17.87,
369,29,car,9.6,3.414,
369,34,car,38.7,17.578,
369,38,car,38.3,17.197,
369,39,car,14.4,5.994,
369,40,truck,4.2,2.259,
369,44,truck,34.4,17.57,
369,47,car,14.0,11.071,
370,2,car,3.8,1.555,
370,11,car,1.7,0.405,
370,14,truck,7.5,3.474,
370,18,car,8.7,4.675,
370,20,car,23.0,10.122,
370,22,truck,7.1,2.931,
370,26,car,36.8,15.542,
370,29,car,9.5,3.991,
370,34,car,38.5,16.848,
370,38,car,38.3,17.049,zone_1:exit
370,39,car,13.9,5.483,
370,40,truck,3.9,1.145,
370,44,truck,34.3,14.86,
370,47,car,15.6,7.958,
371,2,car,3.9,1.789,
371,11,car,1.4,0.812,
371,14,truck,7.5,3.058,
371,18,car,8.4,2.544,
371,20,car,23.1,10.429,
371,22,truck,7.5,4.064,
371,26,car,37.0,16.946,
371,29,car,9.4,4.091,
371,34,car,38.9,18.396,
371,38,car,38.2,16.373,
371,39,car,13.6,5.253,
371,40,truck,3.9,0.483,
371,44,truck,34.6,15.751,
371,47,car,15.7,6.947,
372,2,car,4.1,1.851,
372,11,car,1.7,1.216,
372,14,truck,7.2,2.416,
372,18,car,8.2,2.545,
372,20,car,23.0,10.122,
372,22,truck,7.6,3.429,
372,26,car,37.0,15.942,
372,29,car,9.0,3.56,
372,34,car,39.1,18.105,
372,38,car,38.1,17.247,
372,39,car,13.6,5.698,
372,40,truck,3.8,0.469,
372,44,truck,34.3,14.605,
372,47,car,16.3,7.003,
373,2,car,3.7,1.154,
373,11,car,1.8,0.916,
373,14,truck,7.0,3.031,
373,18,car,7.9,3.071,
373,20,car,23.0,10.429,
373,22,truck,7.4,3.256,
373,26,car,35.7,13.239,
373,29,car,8.7,3.576,
373,34,car,39.3,17.157,
373,38,car,38.4,18.206,
373,39,car,13.6,6.58,
373,40,truck,2.1,0.483,
373,44,truck,34.5,15.95,
373,47,car,18.0,10.2,
374,2,car,3.6,1.829,
374,11,car,1.8,0.711,
374,14,truck,6.8,3.423,
374,18,car,8.0,3.765,
374,20,car,23.1,10.429,
374,22,truck,7.5,3.277,
374,26,car,34.2,10.58,
374,29,car,8.6,4.578,
374,34,car,39.6,17.927,
374,38,car,38.8,17.745,
374,39,car,13.3,5.841,
374,40,truck,1.8,0.483,
374,44,truck,34.8,15.367,
374,47,car,18.6,8.209,
375,2,car,3.6,1.097,
375,11,car,1.6,0.61,
375,14,truck,6.7,4.048,
375,18,car,7.4,2.395,
375,20,car,23.0,10.122,
375,22,truck,7.2,2.968,
375,26,car,31.7,9.22,
375,29,car,8.7,3.964,
375,34,car,39.7,18.118,
375,38,car,38.5,16.616,
375,39,car,12.9,5.388,
375,40,truck,1.8,0.469,
375,44,truck,35.0,15.547,
375,47,car,18.6,6.971,
376,2,car,3.7,2.283,
376,11,car,1.8,0.93,
376,14,truck,7.3,3.323,
376,18,car,7.1,3.076,
376,20,car,23.0,10.429,
376,22,truck,7.8,4.45,
376,26,car,28.7,8.271,
376,29,car,8.9,3.945,
376,34,car,38.9,15.306,
376,38,car,38.3,16.676,
376,39,car,12.6,5.125,
376,40,truck,1.3,0.483,
376,44,truck,34.2,14.971,
376,47,car,17.2,6.418,
376,50,car,3.8,1.709,
377,2,car,3.8,1.879,
377,11,car,2.1,1.283,
377,14,truck,6.9,2.335,
377,18,car,6.3,2.461,
377,22,truck,8.0,3.568,
377,26,car,26.6,8.919,
377,29,car,8.6,3.153,
377,34,car,39.5,18.61,
377,38,car,38.3,16.87,
377,39,car,12.7,5.805,
377,40,truck,1.1,0.483,
377,44,truck,34.4,15.468,
377,47,car,17.8,10.017,
377,50,car,3.8,1.709,
378,2,car,3.5,0.767,
378,11,car,2.2,1.333,
378,14,truck,6.9,2.871,
378,18,car,6.2,2.217,
378,22,truck,7.7,3.053,
378,26,car,23.8,8.224,
378,29,car,8.2,3.028,
378,34,car,38.8,16.075,
378,38,car,38.4,16.688,
378,39,car,12.7,5.406,
378,40,truck,1.1,0.469,
378,44,truck,34.2,15.03,
378,47,car,18.2,7.98,
378,50,car,3.8,1.659,
379,2,car,3.3,1.225,
379,11,car,2.1,0.758,
379,14,truck,7.3,3.709,
379,18,car,6.3,2.768,
379,22,truck,7.4,2.707,
379,26,car,20.8,6.476,
379,29,car,8.3,3.632,
379,34,car,39.1,19.018,
379,38,car,38.5,17.62,
379,39,car,12.6,5.402,
379,40,truck,1.1,0.483,
379,44,truck,34.7,16.264,
379,47,car,18.3,7.47,
380,2,car,3.4,1.665,
380,11,car,2.2,1.385,
380,14,truck,7.5,3.771,
380,18,car,5.9,1.691,
380,22,truck,7.3,2.766,
380,26,car,18.8,7.263,
380,29,car,8.4,3.995,
380,34,car,39.0,17.101,
380,38,car,38.1,17.007,
380,39,car,12.4,5.705,
380,40,truck,1.1,0.483,
380,44,truck,34.4,14.949,
380,47,car,17.3,6.937,
381,2,car,3.3,1.455,
381,11,car,2.3,1.034,
381,14,truck,7.4,2.987,
381,18,car,5.0,0.966,
381,22,truck,7.3,3.415,
381,26,car,17.4,6.153,
381,29,car,7.9,3.008,
381,34,car,39.1,17.98,
381,38,car,37.4,15.673,
381,39,car,12.3,5.593,
381,40,truck,1.1,0.469,
381,44,truck,34.1,14.454,
381,47,car,16.5,5.845,
382,2,car,3.6,1.948,
382,11,car,2.4,0.839,
382,14,truck,6.7,2.049,
382,18,car,4.7,1.481,
382,22,truck,7.5,3.552,
382,26,car,17.3,8.954,
382,29,car,7.7,3.453,
382,34,car,38.4,16.229,
382,38,car,37.7,17.365,
382,39,car,12.2,5.204,
382,40,truck,1.1,0.483,
382,44,truck,34.3,16.112,
382,47,car,17.1,8.956,
382,54,car,14.0,5.032,
383,2,car,3.2,1.039,
383,11,car,2.4,0.738,
383,14,truck,6.5,2.717,
383,18,car,3.9,0.505,
383,22,truck,7.0,2.969,
383,26,car,18.0,10.412,
383,29,car,7.9,4.522,
383,34,car,38.8,16.524,
383,38,car,37.3,15.583,
383,39,car,12.0,4.473,
383,40,truck,1.1,0.469,
383,44,truck,34.6,15.92,
383,47,car,17.4,7.365,
383,54,car,13.4,4.884,
384,2,car,3.0,1.368,
384,11,car,2.6,2.128,
384,14,truck,7.4,5.158,
384,18,car,3.4,1.073,
384,22,truck,6.9,3.014,
384,26,car,18.6,10.727,
384,29,car,8.1,3.705,
384,34,car,37.9,15.616,
384,38,car,37.5,17.527,
384,39,car,12.2,6.391,
384,40,truck,1.1,0.483,
384,44,truck,34.7,15.833,
384,47,car,16.6,7.501,
384,54,car,13.0,5.032,
385,2,car,3.3,1.723,
385,11,car,2.5,0.941,
385,14,truck,8.1,4.817,
385,18,car,5.0,7.041,
385,22,truck,6.8,2.805,
385,26,car,19.4,10.727,
385,29,car,8.3,3.725,
385,34,car,38.8,19.099,
385,38,car,37.6,16.896,
385,39,car,12.2,5.542,
385,40,truck,1.1,0.483,
385,44,truck,34.6,14.867,
385,47,car,16.2,6.563,
385,54,car,12.8,5.032,
386,2,car,3.6,2.061,
386,11,car,2.5,0.724,
386,14,truck,8.2,4.172,
386,18,car,5.4,4.055,
386,22,truck,6.8,2.722,
386,26,car,20.7,10.412,
386,29,car,8.2,3.225,
386,34,car,38.6,18.274,
386,38,car,37.5,17.224,
386,39,car,12.3,5.617,
386,44,truck,34.6,16.149,
386,47,car,15.6,5.656,
386,54,car,12.5,4.884,
386,56,car,16.0,7.29,
387,2,car,3.8,2.324,
387,11,car,2.6,1.702,
387,14,truck,7.8,2.659,
387,18,car,5.9,3.199,
387,22,truck,7.0,3.476,
387,26,car,21.8,10.727,
387,29,car,7.9,3.182,
387,34,car,38.2,15.846,
387,38,car,37.3,16.556,
387,39,car,12.0,4.763,
387,44,truck,34.9,15.761,
387,47,car,16.4,9.287,
387,54,car,11.6,5.032,
387,56,car,16.4,7.846,
388,2,car,4.0,2.092,
388,11,car,2.8,1.556,
388,14,truck,7.7,2.471,
388,18,car,6.6,3.154,
388,22,truck,6.9,3.182,
388,26,car,23.2,10.727,
388,29,car,8.1,3.469,
388,34,car,38.3,18.361,
388,38,car,38.0,17.748,
388,39,car,11.7,4.534,
388,44,truck,35.4,15.999,
388,47,car,16.9,7.699,
388,54,car,11.2,5.032,
388,56,car,15.5,5.426,
389,2,car,3.8,1.351,
389,11,car,3.0,1.466,
389,14,truck,8.0,2.961,
389,18,car,6.9,2.508,
389,22,truck,6.9,3.343,
389,26,car,23.7,10.412,
389,29,car,8.1,3.365,
389,34,car,38.7,17.254,
389,38,car,38.1,17.603,
389,39,car,11.6,4.965,
389,44,truck,34.9,14.561,
389,47,car,16.1,6.421,
389,54,car,11.1,4.884,
389,56,car,15.5,6.999,
390,2,car,3.8,0.964,
390,11,car,3.3,1.909,
390,14,truck,8.3,3.656,
390,18,car,7.3,1.852,
390,22,truck,6.8,2.633,
390,26,car,23.8,10.727,
390,29,car,7.7,3.517,
390,34,car,39.6,19.605,
390,38,car,38.4,16.618,
390,39,car,11.7,4.795,
390,44,truck,34.8,15.827,
390,47,car,15.6,5.847,
390,54,car,11.2,5.032,
390,56,car,15.5,6.905,
391,2,car,3.7,1.181,
391,11,car,3.2,1.67,
391,14,truck,7.9,3.828,
391,18,car,7.3,1.089,
391,22,truck,6.8,3.128,
391,26,car,23.8,10.727,
391,29,car,7.5,3.018,
391,34,car,39.3,14.66,
391,38,car,38.4,17.622,
391,39,car,11.4,5.325,
391,44,truck,34.3,14.053,
391,47,car,15.6,7.411,
391,54,car,11.2,5.032,
391,56,car,15.5,6.278,
392,2,car,3.6,1.248,
392,11,car,3.3,1.145,
392,14,truck,7.1,2.485,
392,18,car,5.9,2.472,
392,22,truck,7.2,3.949,
392,26,car,23.7,10.412,
392,29,car,7.5,3.559,
392,34,car,38.7,17.039,
392,38,car,37.9,15.23,
392,39,car,11.0,4.499,
392,44,truck,34.4,15.338,zone_1:enter
392,47,car,15.7,6.717,
392,54,car,11.1,4.884,
392,56,car,16.4,10.452,
392,59,truck,11.2,4.72,
393,2,car,3.3,1.256,
393,11,car,3.4,1.078,
393,14,truck,6.5,2.423,
393,18,car,5.2,2.122,
393,22,truck,7.4,3.326,
393,26,car,23.8,10.727,
393,29,car,7.7,3.863,
393,34,car,38.1,16.518,
393,38,car,38.0,17.441,
393,39,car,10.7,4.476,
393,44,truck,34.1,15.315,
393,47,car,16.2,7.19,
393,54,car,11.2,5.032,
393,56,car,17.6,11.215,
393,59,truck,11.1,4.863,
394,2,car,2.7,0.431,
394,11,car,3.5,1.997,
394,14,truck,6.9,3.744,
394,18,car,4.5,0.97,
394,22,truck,7.1,2.762,
394,26,car,23.7,10.412,
394,29,car,7.8,3.47,
394,34,car,38.9,18.256,
394,38,car,37.8,16.019,
394,39,car,10.6,4.597,
394,44,truck,33.8,14.798,
394,47,car,15.1,6.026,
394,54,car,11.1,4.884,
394,56,car,18.8,11.398,
394,59,truck,11.0,4.72,
395,2,car,2.2,0.585,
395,11,car,3.5,1.654,
395,14,truck,7.4,3.93,
395,18,car,3.8,0.773,
395,22,truck,6.9,2.51,
395,26,car,23.7,10.727,
395,29,car,7.7,3.314,
395,34,car,37.9,15.201,
395,38,car,37.3,16.274,
395,39,car,10.7,4.747,
395,44,truck,33.8,15.986,
395,47,car,14.4,5.487,
395,54,car,11.1,5.032,
395,56,car,21.8,15.084,
395,59,truck,10.7,4.863,
396,2,car,2.3,1.533,
396,11,car,3.6,1.725,
396,14,truck,7.6,3.74,
396,18,car,4.7,5.377,
396,22,truck,6.7,2.709,
396,26,car,23.8,10.727,
396,29,car,7.6,2.945,
396,34,car,38.3,18.672,
396,38,car,37.0,16.655,
396,39,car,10.7,5.023,
396,44,truck,34.1,15.301,
396,47,car,14.9,7.907,
396,54,car,11.2,5.032,
396,56,car,24.0,13.813,
396,59,truck,10.8,4.863,
397,2,car,2.3,0.968,
397,11,car,3.5,1.83,
397,14,truck,7.2,2.314,
397,18,car,5.1,3.261,
397,22,truck,6.8,2.889,
397,26,car,23.7,10.412,
397,29,car,7.4,3.041,
397,34,car,37.4,16.543,
397,38,car,37.1,16.699,
397,39,car,10.7,4.853,
397,44,truck,33.7,14.776,
397,47,car,15.2,6.82,
397,56,car,26.4,14.528,
397,59,truck,10.7,4.72,
398,2,car,2.6,2.012,
398,11,car,3.5,1.504,
398,14,car,7.3,4.266,
398,18,car,5.7,2.937,
398,22,truck,6.8,3.288,
398,29,car,7.5,3.129,
398,34,car,39.0,19.953,
398,38,car,37.4,18.688,
398,39,car,10.8,5.495,
398,44,truck,34.0,15.005,
398,47,car,15.2,7.342,
398,56,car,28.9,14.059,
398,59,truck,10.7,4.863,
399,2,car,2.5,1.121,
399,11,car,3.3,0.554,
399,14,car,7.9,4.43,
399,18,car,5.7,2.27,
399,22,truck,6.5,2.894,
399,29,car,7.3,3.014,
399,34,car,38.3,14.847,
399,38,car,38.5,18.607,
399,39,car,10.6,3.867,
399,44,truck,34.2,15.946,
399,47,car,14.6,4.901,
399,56,car,29.9,13.542,
399,59,truck,10.8,4.863,
400,2,car,2.2,0.129,
400,11,car,3.3,1.188,
400,14,car,8.3,3.488,
400,18,car,5.9,2.815,
400,22,truck,6.7,3.798,
400,29,car,7.1,3.417,
400,34,car,39.1,18.991,
400,38,car,38.1,16.174,
400,39,car,10.4,4.076,
400,44,truck,33.9,14.299,
400,47,car,14.6,7.091,
400,56,car,31.5,16.04,
400,59,truck,10.7,4.72,
401,2,car,2.2,0.472,
401,11,car,3.1,1.29,
401,14,car,8.3,3.958,
401,18,car,6.2,2.091,
401,22,truck,6.7,2.746,
401,29,car,7.0,2.927,
401,34,car,38.7,16.762,
401,38,car,38.7,17.869,
401,39,car,10.3,4.096,
401,44,truck,34.3,15.947,
401,47,car,14.0,4.111,
401,56,car,31.9,12.832,
401,59,truck,10.8,4.863,
402,2,car,2.3,0.957,
402,11,car,3.0,1.158,
402,14,car,7.9,2.618,
402,18,car,6.7,2.194,
402,22,truck,7.0,3.698,
402,29,car,7.1,3.679,
402,34,car,40.3,20.324,
402,38,car,38.8,16.789,
402,39,car,10.0,3.918,
402,44,truck,33.6,13.969,
402,47,car,14.7,7.811,
402,56,car,31.9,14.867,
402,59,truck,10.8,4.863,
403,2,car,2.1,0.792,
403,11,car,2.8,1.307,
403,14,car,7.4,2.148,
403,18,car,5.4,1.438,
403,22,truck,7.2,3.119,
403,29,car,7.2,3.217,
403,34,car,39.3,15.44,
403,38,car,38.8,16.734,
403,39,car,9.6,3.778,
403,44,truck,33.7,15.375,
403,47,car,14.1,6.01,
403,56,car,31.7,13.313,
403,59,truck,10.7,4.72,
404,2,car,2.0,0.734,
404,11,car,2.7,1.565,
404,14,truck,7.3,1.809,
404,18,car,4.8,1.153,
404,22,truck,7.3,3.237,
404,29,car,7.2,3.001,
404,34,car,40.4,19.987,
404,38,car,39.0,17.059,
404,39,car,9.4,4.102,
404,44,truck,34.1,16.017,
404,47,car,13.9,6.213,
404,56,car,31.6,14.167,
405,2,car,1.8,1.387,
405,11,car,2.7,1.497,
405,14,truck,7.1,3.787,
405,18,car,4.3,1.376,
405,22,truck,7.1,2.683,
405,29,car,7.1,2.905,
405,34,car,39.5,17.406,
405,38,car,38.6,17.669,
405,39,car,9.1,4.559,
405,44,truck,33.9,14.682,
405,47,car,13.1,4.92,
405,56,car,31.4,13.598,
406,2,car,1.6,0.401,
406,11,car,3.0,1.35,
406,14,truck,7.1,4.336,
406,18,car,3.9,1.021,
406,22,truck,7.2,3.147,
406,29,car,7.2,3.418,
406,34,car,40.1,16.592,
406,38,car,38.1,16.911,
406,39,car,9.3,4.508,
406,44,truck,33.7,15.142,
406,47,car,13.9,7.312,
406,56,car,32.4,16.455,
407,2,car,1.6,0.339,
407,11,car,3.1,1.532,
407,14,truck,6.9,2.887,
407,18,car,3.6,1.855,
407,22,truck,6.8,2.612,
407,29,car,7.0,2.732,
407,34,car,38.3,13.244,
407,38,car,38.8,18.243,
407,39,car,9.2,3.907,
407,44,truck,33.7,14.429,
407,47,car,13.5,5.977,
407,56,car,31.5,13.281,
408,2,car,1.6,0.375,
408,11,car,3.1,1.214,
408,14,truck,6.3,2.072,
408,18,car,3.0,0.32,
408,22,truck,6.9,3.129,
408,29,car,7.1,3.424,
408,34,car,38.9,18.78,
408,38,car,38.2,16.04,
408,39,car,9.1,3.647,
408,44,truck,33.6,15.658,
408,47,car,14.1,6.035,
408,56,car,31.5,12.761,
409,2,car,1.6,0.901,
409,11,car,3.3,1.796,
409,14,truck,6.2,2.365,
409,18,car,3.0,2.089,
409,22,truck,6.8,3.218,
409,29,car,6.9,2.898,
409,34,car,36.7,13.439,
409,38,car,38.5,17.865,
409,39,car,8.9,3.482,
409,44,truck,34.0,15.191,
409,47,car,13.7,6.351,
409,56,car,31.5,14.921,
410,2,car,1.4,0.26,
410,11,car,3.4,1.637,
410,14,truck,6.5,3.206,
410,18,car,2.9,1.145,
410,22,truck,6.8,3.384,
410,29,car,6.8,3.042,
410,34,car,35.5,11.507,
410,38,car,38.8,17.77,
410,39,car,8.9,3.769,
410,44,truck,34.1,15.486,
410,47,car,13.3,4.92,
410,56,car,32.0,14.862,
411,2,car,1.4,0.747,
411,11,car,3.2,0.95,
411,14,truck,6.9,2.899,
411,18,car,2.7,0.518,
411,22,truck,6.6,2.567,
411,29,car,6.8,2.743,
411,34,car,32.3,10.186,
411,38,car,39.2,18.035,
411,39,car,8.7,3.34,
411,44,truck,33.6,14.522,
411,47,car,13.3,5.988,
411,56,car,31.8,13.776,
412,2,car,1.3,1.085,
412,11,car,3.5,2.453,
412,14,truck,6.9,3.828,
412,18,car,2.4,0.52,
412,22,truck,6.6,2.606,
412,29,car,6.6,2.521,
412,34,car,29.6,8.748,
412,38,car,38.8,16.463,
412,39,car,8.4,3.627,
412,44,truck,34.1,16.262,
412,47,car,13.6,5.851,
412,56,car,32.0,14.054,
413,2,car,1.5,1.011,
413,11,car,3.5,1.467,
413,14,truck,6.4,2.915,
413,18,car,2.2,0.502,
413,22,truck,6.7,3.471,
413,29,car,6.5,2.867,
413,34,car,26.7,7.633,
413,38,car,39.1,18.083,
413,39,car,8.2,3.785,
413,44,truck,33.7,13.926,
413,47,car,12.8,4.901,
413,56,car,31.2,14.119,
414,2,car,1.6,0.589,
414,11,car,3.6,1.853,
414,14,truck,6.5,3.0,
414,18,car,2.1,1.476,
414,22,truck,6.8,3.028,
414,29,car,6.6,3.115,
414,34,car,24.8,7.21,
414,38,car,38.4,16.059,
414,39,car,8.3,4.276,
414,44,truck,33.8,14.82,
414,47,car,12.6,5.233,
414,56,car,31.7,14.624,
415,2,car,1.6,0.255,
415,11,car,3.9,1.951,
415,14,truck,7.0,3.793,
415,18,car,2.2,0.731,
415,22,truck,6.9,3.353,
415,29,car,6.5,3.246,
415,34,car,21.2,7.597,
415,38,car,38.9,17.554,
415,39,car,8.5,4.327,
415,44,truck,33.6,14.905,
415,47,car,12.4,5.51,
415,56,car,31.8,13.058,
415,62,car,10.2,5.581,
416,2,car,1.6,1.047,
416,11,car,3.7,1.12,
416,14,truck,7.4,3.67,
416,18,car,2.0,1.387,
416,22,truck,6.9,3.082,
416,29,car,6.9,3.975,
416,34,car,18.3,4.321,
416,38,car,38.7,17.254,
416,39,car,8.5,3.58,
416,44,truck,33.4,14.647,
416,47,car,11.8,4.487,
416,56,car,31.5,14.066,
416,62,car,9.6,2.945,
417,2,car,1.8,0.998,
417,11,car,3.7,1.681,
417,14,truck,7.7,3.857,
417,18,car,1.9,0.948,
417,22,truck,6.8,3.23,
417,29,car,6.8,2.775,
417,34,car,18.3,11.647,
417,38,car,38.9,18.396,
417,39,car,8.4,3.338,
417,44,truck,33.4,15.487,
417,47,car,12.0,5.672,
417,56,car,31.5,14.871,
417,62,car,9.4,3.677,
418,2,car,1.9,0.938,
418,11,car,3.9,1.785,
418,14,car,7.4,2.236,
418,18,car,2.3,1.534,
418,22,truck,6.9,2.841,
418,29,car,6.7,2.549,
418,34,car,18.8,11.647,
418,38,car,38.7,17.228,
418,39,car,8.1,2.549,
418,44,truck,33.8,15.576,
418,47,car,12.0,5.745,
418,56,car,31.8,14.748,
418,62,car,9.6,3.5,
419,2,car,1.8,0.7,
419,11,car,3.7,1.871,
419,14,truck,6.6,1.318,
419,18,car,2.4,0.988,
419,22,truck,7.1,3.177,
419,29,car,6.7,2.49,
419,34,car,19.6,11.305,
419,38,car,38.8,16.917,
419,39,car,7.9,2.903,
419,44,truck,33.4,15.245,
419,47,car,11.6,4.896,
419,56,car,31.9,14.332,
419,62,car,9.1,4.091,
420,2,car,1.7,0.799,
420,11,car,3.7,1.197,
420,14,car,6.5,2.585,
420,18,car,2.6,1.217,
420,22,truck,7.1,3.584,
420,29,car,6.5,2.07,
420,34,car,20.9,11.647,
420,38,car,39.4,20.022,
420,39,car,7.7,3.271,
420,44,truck,33.4,13.925,
420,47,car,11.7,5.168,
420,56,car,32.1,14.705,
420,62,car,9.1,4.154,
421,2,car,1.8,0.736,
421,11,car,3.4,0.876,
421,14,truck,6.5,2.844,
421,18,car,4.6,7.55,
421,22,truck,7.1,3.049,
421,29,car,6.2,2.319,
421,34,car,22.3,11.647,
421,38,car,37.8,10.907,
421,39,car,7.3,2.724,
421,44,truck,34.1,16.939,
421,47,car,11.7,5.203,
421,56,car,32.0,14.297,
421,62,car,8.9,3.975,
422,2,car,1.8,0.519,
422,11,car,3.0,0.772,
422,14,truck,6.2,2.843,
422,18,car,5.7,4.09,
422,22,truck,6.8,2.343,
422,29,car,6.2,3.126,
422,34,car,23.5,11.305,
422,38,car,35.3,9.819,
422,39,car,6.7,2.751,
422,44,truck,33.8,13.901,
422,47,car,11.5,4.75,
422,56,car,32.3,13.932,
422,62,car,8.2,3.303,
423,2,car,1.8,0.88,
423,11,car,3.1,1.545,
423,14,truck,6.1,3.286,
423,18,car,5.7,1.522,
423,22,truck,6.6,2.318,
423,29,car,5.7,2.533,
423,34,car,25.8,11.647,
423,38,car,32.4,8.086,
423,39,car,6.5,2.878,
423,44,truck,33.9,15.105,
423,47,car,11.5,4.661,
423,56,car,32.2,13.838,
423,62,car,8.7,4.391,
424,2,car,2.0,1.667,
424,11,car,2.9,1.149,
424,14,truck,5.4,1.935,
424,18,car,5.8,1.288,
424,22,truck,6.5,3.097,
424,29,car,5.6,2.438,
424,34,car,25.8,11.647,
424,38,car,29.4,8.984,
424,39,car,6.4,2.837,
424,44,truck,33.7,14.649,
424,47,car,11.2,4.481,
424,56,car,32.3,15.168,
424,62,car,8.7,3.927,
425,2,car,2.0,0.882,
425,11,car,2.7,0.94,
425,14,truck,5.4,1.956,
425,18,car,8.3,9.253,
425,22,truck,6.5,2.843,
425,29,car,5.5,2.37,
425,34,car,25.7,11.305,
425,38,car,26.7,8.77,
425,39,car,6.5,2.825,
425,44,truck,33.4,14.857,
425,47,car,10.3,3.07,
425,56,car,32.3,14.668,
425,62,car,9.3,5.155,
426,2,car,1.9,0.558,
426,11,car,2.5,1.451,
426,14,truck,5.8,2.603,
426,18,car,9.2,4.008,
426,22,truck,6.2,2.033,
426,29,car,5.7,2.942,
426,34,car,25.8,11.647,
426,38,car,24.0,8.628,
426,39,car,6.7,3.753,
426,44,truck,33.6,15.706,
426,47,car,10.4,5.252,
426,56,car,32.2,14.127,
426,62,car,9.1,3.421,
427,2,car,1.7,0.166,
427,11,car,2.5,1.211,
427,14,truck,5.9,3.103,
427,18,car,9.5,2.036,
427,22,truck,6.0,3.002,
427,29,car,5.9,2.846,
427,34,car,25.7,11.305,
427,38,car,19.9,6.985,
427,39,car,6.6,3.007,
427,44,truck,33.5,13.794,
427,47,car,10.4,5.146,
427,56,car,31.9,13.797,
427,62,car,9.2,4.61,
428,2,car,1.6,0.22,
428,11,car,2.7,1.227,
428,14,truck,6.2,3.731,
428,18,car,7.4,0.967,
428,22,truck,6.0,3.225,
428,29,car,6.1,2.782,
428,34,car,25.7,11.647,
428,38,car,20.4,12.65,
428,39,car,6.6,2.454,
428,44,truck,33.3,16.092,
428,47,car,10.4,5.327,
428,56,car,32.5,16.192,
428,62,car,9.2,4.105,
429,2,car,1.5,0.174,
429,11,car,2.9,1.494,
429,14,truck,6.4,3.276,
429,18,car,6.5,1.35,
429,22,truck,6.2,2.899,
429,29,car,6.0,2.792,
429,34,car,25.8,11.647,
429,38,car,21.3,12.65,
429,39,car,6.4,2.311,
429,44,truck,33.4,14.463,
429,47,car,10.3,4.308,
429,56,car,32.4,13.737,
429,62,car,9.7,4.873,
430,2,car,1.2,0.124,
430,11,car,2.8,1.39,
430,14,truck,6.2,2.759,
430,18,car,6.3,0.757,
430,22,truck,6.7,3.744,
430,29,car,6.0,2.616,
430,34,car,25.7,11.305,
430,38,car,22.7,12.278,
430,39,car,6.4,2.713,
430,44,truck,33.7,15.883,
430,47,car,10.0,3.821,
430,56,car,32.5,14.129,
430,62,car,11.1,8.75,
431,2,car,0.8,0.309,
431,11,car,3.3,2.515,
431,14,truck,6.5,2.974,
431,18,car,6.3,1.22,
431,22,truck,6.7,3.354,
431,29,car,6.0,2.573,
431,34,car,25.7,11.647,
431,38,car,23.8,12.65,
431,39,car,6.3,2.754,
431,44,truck,33.7,14.633,
431,47,car,9.7,3.465,
431,56,car,32.2,14.271,
431,62,car,12.6,8.435,
432,2,car,0.7,0.668,
432,11,car,3.3,1.007,
432,14,car,6.6,2.237,
432,18,car,3.8,1.661,
432,22,truck,6.9,3.428,
432,29,car,6.1,2.458,
432,38,car,25.1,12.65,
432,39,car,6.4,3.015,
432,44,truck,34.0,15.835,
432,47,car,9.9,3.612,
432,56,car,32.5,15.456,
432,62,car,13.8,9.142,
433,2,car,0.7,0.444,
433,11,car,2.9,0.35,
433,14,car,6.4,2.035,
433,18,car,2.9,1.057,
433,22,truck,7.1,2.506,
433,29,car,5.9,2.254,
433,38,car,26.2,12.278,
433,39,car,5.9,2.102,
433,44,truck,33.7,14.887,
433,47,car,9.3,3.396,
433,56,car,32.7,14.686,
433,62,car,15.6,9.045,
434,2,car,0.7,0.406,
434,11,car,3.0,1.526,
434,14,truck,5.9,1.604,
434,18,car,2.4,0.44,
434,22,truck,6.8,2.019,
434,29,car,5.6,2.036,
434,38,car,28.1,12.65,
434,39,car,5.6,2.046,
434,44,truck,33.6,13.228,
434,47,car,8.9,4.04,
434,56,car,32.7,13.721,
434,62,car,16.7,7.905,
